Year,NOC,Women,Men
1960,AFG,0,16
1960,AHO,0,5
1960,ARE,0,123
1960,ARG,4,126
1960,AUS,62,256
1960,AUT,69,171
1960,BEL,20,130
1960,BGR,43,155
1960,BHS,0,14
1960,BMU,0,9
1960,BRA,1,85
1960,CAN,56,159
1960,CHE,16,245
1960,CHL,1,20
1960,COL,0,23
1960,CUB,11,10
1960,DEU,137,398
1960,DNK,13,99
1960,ESP,44,206
1960,ETH,0,15
1960,FIN,55,238
1960,FJI,0,3
1960,FRA,90,328
1960,GBR,109,319
1960,GHA,0,15
1960,GRC,0,59
1960,GUY,1,5
1960,HKG,0,4
1960,HTI,0,1
1960,HUN,72,244
1960,IDN,2,25
1960,IND,0,49
1960,IRL,3,60
1960,IRN,0,24
1960,IRQ,0,28
1960,ISL,1,20
1960,ISR,19,27
1960,ITA,93,367
1960,JPN,73,278
1960,KEN,0,30
1960,KOR,13,56
1960,LBN,0,27
1960,LBR,0,6
1960,LIE,0,17
1960,LKA,0,5
1960,LUX,13,104
1960,MAL,0,11
1960,MAR,0,111
1960,MCO,0,13
1960,MEX,13,97
1960,MLT,0,13
1960,MMR,0,10
1960,NGA,0,15
1960,NLD,71,102
1960,NOR,12,93
1960,NZL,12,47
1960,PAK,0,53
1960,PAN,6,2
1960,PER,0,33
1960,PHL,5,44
1960,POL,84,251
1960,PRI,1,28
1960,PRT,17,92
1960,RHO,1,11
1960,ROU,49,107
1960,SDN,0,13
1960,SGP,0,5
1960,SMR,0,13
1960,SWE,70,260
1960,TCH,50,174
1960,THA,0,24
1960,TPE,4,27
1960,TUN,0,56
1960,TUR,4,60
1960,UGA,0,16
1960,URS,129,376
1960,URY,0,42
1960,USA,131,402
1960,VEN,9,45
1960,VNM,0,5
1960,WIF,0,20
1960,YUG,22,163
1960,ZAF,9,67
1960,ZWE,10,0
1964,AFG,0,8
1964,AHO,0,4
1964,ARG,13,157
1964,AUS,97,309
1964,AUT,43,155
1964,BEL,8,77
1964,BGR,25,110
1964,BHS,0,12
1964,BMU,0,4
1964,BOL,0,1
1964,BRA,1,64
1964,CAN,70,219
1964,CHE,20,213
1964,CHL,0,27
1964,CIV,0,10
1964,CMR,0,2
1964,COG,0,2
1964,COL,0,40
1964,CRI,0,2
1964,CUB,3,73
1964,DEU,156,466
1964,DNK,10,66
1964,DOM,0,1
1964,DZA,0,7
1964,EGY,0,83
1964,ESP,5,74
1964,ETH,0,19
1964,FIN,32,206
1964,FRA,57,207
1964,GBR,88,278
1964,GHA,4,36
1964,GRC,0,26
1964,GUY,0,1
1964,HKG,1,49
1964,HUN,93,268
1964,IND,1,111
1964,IRL,2,33
1964,IRN,10,98
1964,IRQ,0,19
1964,ISL,1,14
1964,ISR,3,10
1964,ITA,33,316
1964,JAM,9,23
1964,JPN,117,424
1964,KEN,0,41
1964,KHM,0,15
1964,KOR,48,208
1964,LBN,0,20
1964,LBR,0,2
1964,LIE,0,15
1964,LKA,0,7
1964,LUX,2,25
1964,MAR,0,21
1964,MCO,0,1
1964,MDG,0,4
1964,MEX,6,122
1964,MLI,0,2
1964,MMR,0,12
1964,MNG,19,43
1964,MYS,6,75
1964,NER,0,1
1964,NGA,2,17
1964,NLD,35,135
1964,NOR,17,116
1964,NPL,0,6
1964,NZL,23,65
1964,PAK,0,47
1964,PAN,9,6
1964,PER,1,39
1964,PHL,14,56
1964,POL,89,237
1964,PRI,8,37
1964,PRK,11,9
1964,PRT,5,20
1964,ROU,64,199
1964,SEN,0,14
1964,SWE,77,201
1964,TCD,0,2
1964,TCH,58,198
1964,THA,10,57
1964,TPE,10,86
1964,TTO,0,18
1964,TUN,0,12
1964,TUR,0,37
1964,TZA,0,4
1964,UGA,3,16
1964,URS,147,423
1964,URY,0,29
1964,USA,167,452
1964,VEN,2,21
1964,VNM,0,23
1964,YUG,10,167
1964,ZMB,1,14
1964,ZWE,6,27
1968,AFG,0,5
1968,AHO,2,3
1968,ARG,15,129
1968,AUS,61,170
1968,AUT,30,141
1968,BEL,16,90
1968,BGR,49,156
1968,BHS,0,22
1968,BLZ,0,7
1968,BMU,0,6
1968,BOL,0,4
1968,BRA,4,85
1968,BRB,0,13
1968,CAF,0,1
1968,CAN,109,293
1968,CHE,21,196
1968,CHL,4,32
1968,CIV,0,11
1968,CMR,0,5
1968,COD,0,8
1968,COL,14,56
1968,CRI,3,24
1968,CUB,50,177
1968,DNK,12,87
1968,DOM,0,24
1968,DZA,0,9
1968,ECU,2,39
1968,EGY,0,35
1968,ESP,3,162
1968,ETH,0,26
1968,FIN,35,186
1968,FJI,0,1
1968,FRA,108,321
1968,FRG,135,434
1968,GBR,111,281
1968,GDR,104,327
1968,GHA,2,34
1968,GIN,0,15
1968,GRC,0,52
1968,GTM,4,63
1968,GUY,0,6
1968,HKG,0,25
1968,HND,0,6
1968,HUN,86,238
1968,IDN,0,6
1968,IND,0,30
1968,IRL,11,46
1968,IRN,0,26
1968,IRQ,0,4
1968,ISL,6,18
1968,ISR,7,32
1968,ITA,49,298
1968,JAM,11,24
1968,JPN,84,300
1968,KEN,3,47
1968,KOR,19,61
1968,KWT,0,2
1968,LBN,0,21
1968,LBY,0,1
1968,LIE,3,17
1968,LKA,0,3
1968,LUX,3,4
1968,MAR,0,33
1968,MCO,0,2
1968,MDG,0,6
1968,MEX,103,343
1968,MLI,0,2
1968,MLT,0,1
1968,MMR,0,4
1968,MNG,16,32
1968,MYS,0,35
1968,NER,0,2
1968,NGA,9,37
1968,NIC,0,16
1968,NLD,55,111
1968,NOR,65,128
1968,NZL,18,62
1968,PAK,0,15
1968,PAN,0,16
1968,PER,16,17
1968,PHL,10,79
1968,POL,92,256
1968,PRI,18,81
1968,PRT,5,28
1968,PRY,0,1
1968,ROU,22,119
1968,SDN,0,7
1968,SEN,0,24
1968,SGP,0,6
1968,SLE,0,4
1968,SLV,26,78
1968,SMR,0,4
1968,SUR,0,1
1968,SWE,59,239
1968,SYR,0,2
1968,TCD,0,4
1968,TCH,69,205
1968,THA,0,46
1968,TPE,31,62
1968,TTO,0,25
1968,TUN,0,8
1968,TUR,0,50
1968,TZA,0,5
1968,UGA,0,14
1968,URS,162,430
1968,URY,28,22
1968,USA,184,480
1968,VEN,0,30
1968,VIR,0,6
1968,VNM,2,7
1968,YUG,27,149
1968,ZMB,0,7
1972,AFG,0,8
1972,AHO,0,2
1972,ALB,1,4
1972,ARG,10,119
1972,AUS,73,205
1972,AUT,38,173
1972,BEL,8,101
1972,BEN,0,3
1972,BFA,0,1
1972,BGR,59,179
1972,BHS,1,24
1972,BLZ,0,2
1972,BMU,0,9
1972,BOL,0,14
1972,BRA,7,97
1972,BRB,8,12
1972,CAN,142,287
1972,CHE,89,255
1972,CHL,2,11
1972,CIV,0,13
1972,CMR,0,18
1972,COG,0,8
1972,COL,12,63
1972,CRI,0,4
1972,CUB,35,166
1972,DNK,18,137
1972,DOM,0,5
1972,DZA,0,7
1972,ECU,0,4
1972,EGY,0,26
1972,ESP,12,157
1972,ETH,0,40
1972,FIN,36,180
1972,FJI,0,4
1972,FRA,87,338
1972,FRG,182,527
1972,GAB,0,1
1972,GBR,160,344
1972,GDR,151,372
1972,GHA,4,37
1972,GRC,6,66
1972,GTM,0,11
1972,GUY,0,4
1972,HKG,0,18
1972,HTI,1,6
1972,HUN,98,270
1972,IDN,4,3
1972,IND,1,42
1972,IRL,20,64
1972,IRN,0,68
1972,ISL,1,29
1972,ISR,4,13
1972,ITA,74,340
1972,JAM,19,32
1972,JPN,118,309
1972,KEN,3,66
1972,KHM,2,15
1972,KOR,19,35
1972,KWT,0,4
1972,LBN,2,36
1972,LBR,0,5
1972,LIE,3,19
1972,LKA,0,6
1972,LSO,0,2
1972,LUX,1,14
1972,MAR,3,36
1972,MCO,0,5
1972,MDG,0,13
1972,MEX,71,210
1972,MLI,0,3
1972,MLT,0,5
1972,MMR,0,19
1972,MNG,2,50
1972,MWI,4,14
1972,MYS,5,52
1972,NER,0,4
1972,NGA,11,25
1972,NIC,2,8
1972,NLD,98,127
1972,NOR,75,200
1972,NPL,0,2
1972,NZL,17,101
1972,PAK,0,26
1972,PAN,0,8
1972,PER,4,27
1972,PHL,9,74
1972,POL,93,391
1972,PRI,0,60
1972,PRK,24,69
1972,PRT,0,41
1972,PRY,0,3
1972,ROU,64,217
1972,SAU,0,14
1972,SDN,0,31
1972,SEN,0,40
1972,SGP,3,9
1972,SLV,0,18
1972,SMR,0,7
1972,SOM,0,4
1972,SUR,0,3
1972,SWE,75,212
1972,SWZ,0,4
1972,SYR,1,4
1972,TCD,0,5
1972,TCH,82,253
1972,TGO,0,7
1972,THA,0,37
1972,TPE,15,38
1972,TTO,1,35
1972,TUN,0,37
1972,TUR,1,49
1972,TZA,0,22
1972,UGA,2,33
1972,URS,173,476
1972,URY,7,13
1972,USA,198,527
1972,VEN,8,25
1972,VIR,0,16
1972,VNM,0,2
1972,YUG,45,198
1972,ZMB,4,8
1976,AHO,0,4
1976,AND,0,14
1976,ARG,18,104
1976,ATG,0,17
1976,AUS,78,215
1976,AUT,30,159
1976,BEL,56,104
1976,BGR,88,208
1976,BHS,2,17
1976,BLZ,0,4
1976,BMU,1,19
1976,BOL,0,5
1976,BRA,10,79
1976,BRB,3,14
1976,CAN,242,398
1976,CHE,17,170
1976,CHL,0,20
1976,CIV,2,9
1976,CMR,0,4
1976,COL,6,38
1976,CRI,5,5
1976,CUB,30,164
1976,CYM,0,2
1976,DNK,13,68
1976,DOM,2,9
1976,ECU,0,8
1976,EGY,0,26
1976,ESP,26,145
1976,FIN,32,155
1976,FJI,2,3
1976,FRA,66,295
1976,FRG,142,415
1976,GBR,128,295
1976,GDR,216,288
1976,GRC,2,48
1976,GTM,2,26
1976,HKG,4,46
1976,HND,0,3
1976,HTI,3,11
1976,HUN,93,198
1976,IDN,3,8
1976,IND,0,26
1976,IRL,5,54
1976,IRN,7,109
1976,ISL,12,26
1976,ISR,2,32
1976,ITA,85,321
1976,JAM,19,17
1976,JPN,119,296
1976,KOR,17,43
1976,KWT,0,21
1976,LBN,1,4
1976,LIE,11,18
1976,LUX,0,9
1976,MAR,0,9
1976,MCO,0,10
1976,MEX,15,122
1976,MNG,2,31
1976,MYS,0,25
1976,NIC,0,25
1976,NLD,99,99
1976,NOR,26,134
1976,NPL,0,1
1976,NZL,23,88
1976,PAK,0,24
1976,PAN,3,10
1976,PER,14,0
1976,PHL,3,19
1976,PNG,0,9
1976,POL,60,319
1976,PRI,20,92
1976,PRK,2,38
1976,PRT,0,36
1976,PRY,0,6
1976,ROU,93,205
1976,SAU,0,19
1976,SEN,3,30
1976,SGP,1,3
1976,SMR,2,11
1976,SUR,0,4
1976,SWE,51,190
1976,TCH,91,250
1976,THA,7,55
1976,TPE,0,11
1976,TTO,0,20
1976,TUN,2,14
1976,TUR,1,46
1976,URS,224,471
1976,URY,3,12
1976,USA,228,477
1976,VEN,22,34
1976,VIR,4,22
1976,YUG,7,129
1980,AFG,0,11
1980,AGO,2,15
1980,AND,0,11
1980,ARG,0,26
1980,AUS,66,143
1980,AUT,36,122
1980,BEL,30,60
1980,BEN,1,16
1980,BGR,136,277
1980,BOL,0,8
1980,BRA,19,130
1980,BWA,0,8
1980,CAN,34,52
1980,CHE,27,132
1980,CHN,16,22
1980,CMR,4,25
1980,COG,14,11
1980,COL,0,28
1980,CRI,4,36
1980,CUB,36,252
1980,CYP,4,17
1980,DNK,4,56
1980,DOM,1,6
1980,DZA,0,63
1980,ECU,1,15
1980,ESP,28,198
1980,ETH,2,46
1980,FIN,24,186
1980,FRA,42,202
1980,FRG,31,87
1980,GBR,129,275
1980,GDR,219,363
1980,GIN,0,10
1980,GRC,5,46
1980,GTM,0,10
1980,GUY,2,8
1980,HUN,123,271
1980,IND,17,61
1980,IRL,5,52
1980,IRQ,0,44
1980,ISL,2,22
1980,ITA,73,204
1980,JAM,14,18
1980,JOR,0,6
1980,JPN,9,71
1980,KOR,9,15
1980,KWT,0,67
1980,LAO,2,17
1980,LBN,3,23
1980,LBY,5,33
1980,LIE,8,9
1980,LKA,0,4
1980,LSO,0,7
1980,LUX,0,4
1980,MDG,6,12
1980,MEX,24,50
1980,MLI,1,6
1980,MLT,1,11
1980,MMR,0,2
1980,MNG,12,55
1980,MOZ,3,13
1980,NGA,10,46
1980,NIC,3,3
1980,NLD,41,118
1980,NOR,20,80
1980,NPL,0,10
1980,NZL,4,14
1980,PER,20,18
1980,POL,127,330
1980,PRI,0,3
1980,PRK,38,83
1980,PRT,5,13
1980,ROU,121,260
1980,SEN,4,35
1980,SLE,7,25
1980,SMR,0,16
1980,SWE,75,235
1980,SYC,4,17
1980,SYR,3,68
1980,TCH,97,294
1980,TTO,0,15
1980,TZA,8,40
1980,UGA,0,16
1980,URS,253,536
1980,USA,45,110
1980,VEN,0,43
1980,VNM,10,28
1980,YUG,35,172
1980,ZMB,0,43
1980,ZWE,22,30
1984,AHO,7,6
1984,AND,0,8
1984,ARE,0,11
1984,ARG,26,126
1984,ATG,8,19
1984,AUS,112,245
1984,AUT,54,181
1984,BEL,25,70
1984,BEN,0,3
1984,BGD,0,2
1984,BGR,1,32
1984,BHS,8,23
1984,BLZ,0,13
1984,BMU,1,12
1984,BOL,1,17
1984,BRA,30,167
1984,BRB,3,22
1984,BRN,0,14
1984,BTN,3,3
1984,BWA,0,8
1984,CAF,0,3
1984,CAN,256,407
1984,CHE,100,224
1984,CHL,4,72
1984,CHN,154,239
1984,CIV,1,17
1984,CMR,6,50
1984,COD,1,8
1984,COG,2,11
1984,COL,3,45
1984,CRI,1,38
1984,CYM,1,13
1984,CYP,2,20
1984,DJI,0,3
1984,DNK,13,61
1984,DOM,7,17
1984,DZA,0,33
1984,ECU,1,14
1984,EGY,11,140
1984,ESP,53,229
1984,FIN,33,154
1984,FJI,8,18
1984,FRA,89,322
1984,FRG,220,471
1984,GAB,2,2
1984,GBR,200,387
1984,GDR,33,72
1984,GHA,11,16
1984,GIN,0,1
1984,GMB,6,10
1984,GNQ,0,5
1984,GRC,6,80
1984,GRD,1,5
1984,GTM,14,39
1984,GUY,2,10
1984,HKG,27,60
1984,HND,5,21
1984,HTI,2,1
1984,HUN,3,13
1984,IDN,4,19
1984,IND,10,43
1984,IRL,20,35
1984,IRQ,0,25
1984,ISL,6,39
1984,ISR,19,46
1984,ITA,105,380
1984,JAM,24,51
1984,JOR,1,14
1984,JPN,117,323
1984,KEN,6,61
1984,KOR,79,199
1984,KWT,0,31
1984,LBN,1,37
1984,LBR,1,9
1984,LIE,9,18
1984,LKA,0,6
1984,LSO,0,5
1984,LUX,1,4
1984,MAR,1,41
1984,MCO,0,10
1984,MDG,0,5
1984,MEX,41,117
1984,MLI,0,5
1984,MLT,2,5
1984,MMR,0,1
1984,MNG,0,12
1984,MOZ,2,12
1984,MRT,0,2
1984,MUS,1,6
1984,MWI,0,23
1984,MYS,4,23
1984,NER,0,4
1984,NGA,3,33
1984,NIC,0,5
1984,NLD,97,117
1984,NOR,49,180
1984,NPL,0,10
1984,NZL,44,127
1984,OMN,0,22
1984,PAK,0,33
1984,PAN,1,9
1984,PER,19,25
1984,PHL,8,24
1984,PNG,5,7
1984,POL,14,28
1984,PRI,10,49
1984,PRK,8,9
1984,PRT,11,37
1984,PRY,0,18
1984,QAT,0,26
1984,ROU,102,126
1984,RWA,2,4
1984,SAU,0,42
1984,SDN,0,9
1984,SEN,1,30
1984,SGP,0,14
1984,SLB,0,3
1984,SLE,1,9
1984,SLV,2,13
1984,SMR,3,34
1984,SOM,0,9
1984,SUR,0,7
1984,SWE,91,261
1984,SWZ,0,11
1984,SYC,3,12
1984,SYR,0,9
1984,TCD,0,3
1984,TCH,28,51
1984,TGO,0,6
1984,THA,11,29
1984,TON,0,7
1984,TPE,15,57
1984,TTO,8,15
1984,TUN,4,24
1984,TUR,3,70
1984,TZA,3,18
1984,UGA,2,28
1984,URS,42,101
1984,URY,2,21
1984,USA,305,544
1984,VEN,1,43
1984,VGB,0,15
1984,VIR,6,46
1984,WSM,0,9
1984,YAR,0,3
1984,YUG,65,204
1984,ZMB,0,18
1984,ZWE,3,17
1988,ABW,7,5
1988,AFG,0,5
1988,AGO,11,22
1988,AHO,1,6
1988,AND,5,8
1988,ARE,0,36
1988,ARG,51,128
1988,ASM,0,6
1988,ATG,4,21
1988,AUS,107,268
1988,AUT,45,204
1988,BEL,36,50
1988,BEN,2,8
1988,BFA,2,7
1988,BGD,0,11
1988,BGR,124,209
1988,BHS,5,13
1988,BLZ,0,13
1988,BMU,1,13
1988,BOL,4,16
1988,BRA,52,181
1988,BRB,2,24
1988,BRN,0,16
1988,BTN,0,6
1988,BWA,0,11
1988,CAF,0,15
1988,CAN,243,450
1988,CHE,73,204
1988,CHL,1,38
1988,CHN,202,240
1988,CIV,17,12
1988,CMR,4,17
1988,COD,3,18
1988,COG,3,7
1988,COK,2,6
1988,COL,15,42
1988,CRI,20,18
1988,CYM,1,11
1988,CYP,5,14
1988,DJI,0,6
1988,DNK,40,91
1988,DOM,1,17
1988,DZA,3,42
1988,ECU,4,11
1988,EGY,1,58
1988,ESP,76,270
1988,FIN,46,147
1988,FJI,15,27
1988,FRA,149,379
1988,FRG,202,469
1988,GAB,1,1
1988,GBR,204,363
1988,GDR,208,292
1988,GHA,8,13
1988,GIN,0,7
1988,GMB,1,5
1988,GNQ,2,5
1988,GRC,22,65
1988,GRD,3,4
1988,GTM,11,41
1988,GUM,6,21
1988,GUY,1,7
1988,HKG,24,67
1988,HND,5,13
1988,HTI,1,4
1988,HUN,82,240
1988,IDN,10,33
1988,IND,11,47
1988,IRL,13,65
1988,IRN,0,26
1988,IRQ,0,28
1988,ISL,9,39
1988,ISR,8,21
1988,ITA,102,377
1988,JAM,19,36
1988,JOR,2,7
1988,JPN,160,365
1988,KEN,6,82
1988,KOR,207,400
1988,KWT,0,34
1988,LAO,1,2
1988,LBN,3,37
1988,LBR,3,8
1988,LBY,0,7
1988,LIE,12,40
1988,LKA,4,5
1988,LSO,0,6
1988,LUX,4,10
1988,MAR,4,31
1988,MCO,1,12
1988,MDV,0,9
1988,MEX,30,135
1988,MLI,2,6
1988,MLT,1,5
1988,MMR,3,0
1988,MNG,10,31
1988,MOZ,4,8
1988,MRT,0,7
1988,MUS,2,9
1988,MWI,0,22
1988,MYS,8,9
1988,NER,0,6
1988,NGA,15,71
1988,NLD,97,130
1988,NOR,51,143
1988,NPL,3,17
1988,NZL,24,107
1988,OMN,0,13
1988,PAK,0,33
1988,PAN,0,9
1988,PER,15,11
1988,PHL,7,36
1988,PNG,3,12
1988,POL,59,176
1988,PRI,9,64
1988,PRK,10,5
1988,PRT,15,84
1988,PRY,0,13
1988,QAT,0,13
1988,ROU,106,91
1988,RWA,4,4
1988,SAU,0,13
1988,SDN,0,8
1988,SEN,1,34
1988,SGP,1,26
1988,SLB,0,5
1988,SLE,1,19
1988,SLV,1,6
1988,SMR,0,27
1988,SOM,0,5
1988,SUR,4,6
1988,SWE,86,291
1988,SWZ,0,15
1988,SYR,0,13
1988,TCD,0,6
1988,TCH,121,224
1988,TGO,0,6
1988,THA,2,13
1988,TON,2,5
1988,TPE,52,93
1988,TTO,5,5
1988,TUN,5,40
1988,TUR,8,62
1988,TZA,0,10
1988,UGA,8,22
1988,URS,272,527
1988,URY,2,16
1988,USA,348,564
1988,VCT,1,5
1988,VEN,2,15
1988,VGB,0,4
1988,VIR,8,45
1988,VNM,2,10
1988,VUT,2,4
1988,WSM,0,11
1988,YAR,0,8
1988,YMD,0,5
1988,YUG,59,173
1988,ZMB,0,33
1988,ZWE,9,38
1992,ABW,1,4
1992,AGO,6,27
1992,AHO,1,5
1992,ALB,2,7
1992,AND,4,18
1992,ARE,0,36
1992,ARG,45,112
1992,ASM,0,3
1992,ATG,5,13
1992,AUS,172,259
1992,AUT,64,184
1992,BEL,40,70
1992,BEN,2,5
1992,BFA,0,4
1992,BGD,1,8
1992,BGR,107,201
1992,BHS,3,15
1992,BIH,6,7
1992,BLZ,1,17
1992,BMU,9,21
1992,BOL,9,20
1992,BRA,62,187
1992,BRB,2,20
1992,BRN,0,15
1992,BTN,6,6
1992,BWA,0,6
1992,CAF,3,18
1992,CAN,253,378
1992,CHE,82,218
1992,CHL,3,24
1992,CHN,252,216
1992,CIV,8,10
1992,CMR,8,4
1992,COD,2,17
1992,COG,1,9
1992,COK,0,2
1992,COL,3,58
1992,CRI,8,18
1992,CUB,57,139
1992,CYM,0,13
1992,CYP,6,24
1992,DEU,321,525
1992,DJI,0,8
1992,DNK,57,100
1992,DOM,2,30
1992,DZA,4,40
1992,ECU,8,7
1992,EGY,6,77
1992,ESP,186,396
1992,EST,20,77
1992,ETH,6,18
1992,EUN,326,538
1992,FIN,72,172
1992,FJI,9,27
1992,FRA,226,444
1992,GAB,1,4
1992,GBR,202,400
1992,GHA,4,37
1992,GIN,2,9
1992,GMB,0,8
1992,GNQ,3,5
1992,GRC,19,83
1992,GRD,1,4
1992,GTM,7,34
1992,GUM,9,36
1992,GUY,1,6
1992,HKG,15,51
1992,HND,16,14
1992,HRV,7,47
1992,HTI,0,8
1992,HUN,138,275
1992,IDN,21,30
1992,IND,7,58
1992,IOA,26,50
1992,IRL,15,66
1992,IRN,0,44
1992,IRQ,0,8
1992,ISL,7,39
1992,ISR,9,35
1992,ITA,167,444
1992,JAM,24,35
1992,JOR,1,4
1992,JPN,179,349
1992,KEN,9,46
1992,KOR,99,280
1992,KWT,0,37
1992,LAO,0,7
1992,LBN,0,26
1992,LBY,0,5
1992,LIE,6,20
1992,LKA,8,8
1992,LSO,2,6
1992,LTU,19,48
1992,LUX,1,12
1992,LVA,15,63
1992,MAR,6,62
1992,MCO,1,11
1992,MDG,9,8
1992,MDV,1,9
1992,MEX,45,129
1992,MLI,2,4
1992,MLT,5,3
1992,MMR,4,1
1992,MNG,8,41
1992,MOZ,4,3
1992,MRT,0,6
1992,MUS,12,10
1992,MWI,1,3
1992,MYS,0,30
1992,NAM,3,7
1992,NER,0,3
1992,NGA,30,42
1992,NIC,2,7
1992,NLD,144,153
1992,NOR,95,175
1992,NPL,1,1
1992,NZL,49,136
1992,OMN,0,5
1992,PAK,0,28
1992,PAN,0,7
1992,PER,6,15
1992,PHL,5,35
1992,PNG,3,16
1992,POL,108,253
1992,PRI,9,98
1992,PRK,84,75
1992,PRT,29,86
1992,PRY,3,28
1992,QAT,0,30
1992,ROU,165,203
1992,RWA,3,7
1992,SAU,0,17
1992,SDN,0,7
1992,SEN,2,33
1992,SGP,14,23
1992,SLB,0,1
1992,SLE,5,10
1992,SLV,3,3
1992,SMR,1,27
1992,SUR,2,7
1992,SVN,21,87
1992,SWE,111,277
1992,SWZ,0,13
1992,SYC,3,18
1992,SYR,1,8
1992,TCD,2,5
1992,TCH,136,281
1992,TGO,0,9
1992,THA,35,29
1992,TON,0,5
1992,TPE,12,37
1992,TTO,0,13
1992,TUN,4,11
1992,TUR,8,63
1992,TZA,0,9
1992,UGA,2,7
1992,URY,0,18
1992,USA,367,601
1992,VCT,2,6
1992,VEN,4,23
1992,VGB,0,4
1992,VIR,11,42
1992,VNM,8,2
1992,VUT,3,5
1992,WSM,0,5
1992,YEM,0,8
1992,YUG,7,53
1992,ZAF,45,96
1992,ZMB,3,8
1992,ZWE,12,16
1994,AND,5,8
1994,ARG,13,7
1994,ARM,0,2
1994,ASM,0,2
1994,AUS,12,35
1994,AUT,28,102
1994,BEL,6,2
1994,BGR,17,21
1994,BIH,2,10
1994,BLR,31,43
1994,BMU,0,1
1994,BRA,0,1
1994,CAN,54,95
1994,CHE,38,68
1994,CHL,0,7
1994,CHN,31,12
1994,CYP,1,0
1994,CZE,37,80
1994,DEU,62,122
1994,DNK,0,9
1994,ESP,10,23
1994,EST,29,38
1994,FIN,32,80
1994,FJI,0,1
1994,FRA,63,106
1994,GBR,9,42
1994,GEO,0,7
1994,GRC,2,13
1994,HRV,0,11
1994,HUN,20,8
1994,ISL,3,11
1994,ISR,0,1
1994,ITA,61,132
1994,JAM,0,6
1994,JPN,36,89
1994,KAZ,28,43
1994,KGZ,2,0
1994,KOR,21,24
1994,LIE,2,23
1994,LTU,6,7
1994,LUX,0,5
1994,LVA,10,32
1994,MCO,0,7
1994,MDA,2,2
1994,MEX,0,1
1994,MNG,0,2
1994,NLD,20,23
1994,NOR,48,111
1994,NZL,2,14
1994,POL,33,26
1994,PRI,0,6
1994,PRT,0,4
1994,ROU,24,24
1994,RUS,84,124
1994,SEN,0,1
1994,SMR,0,3
1994,SVK,26,41
1994,SVN,21,38
1994,SWE,48,103
1994,TPE,0,2
1994,TTO,0,2
1994,TUR,0,1
1994,UKR,30,30
1994,USA,89,148
1994,UZB,4,3
1994,VIR,1,9
1994,ZAF,2,1
1996,ABW,0,3
1996,AFG,0,2
1996,AGO,17,13
1996,AHO,0,7
1996,ALB,6,3
1996,AND,2,6
1996,ARE,0,4
1996,ARG,69,152
1996,ARM,2,36
1996,ASM,1,6
1996,ATG,11,8
1996,AUS,243,307
1996,AUT,21,71
1996,AZE,4,20
1996,BDI,1,6
1996,BEL,28,53
1996,BEN,1,6
1996,BFA,2,3
1996,BGD,1,3
1996,BGR,53,128
1996,BHS,13,23
1996,BIH,2,10
1996,BLR,114,145
1996,BLZ,3,2
1996,BMU,2,8
1996,BOL,2,7
1996,BRA,69,182
1996,BRB,3,19
1996,BRN,0,6
1996,BTN,1,1
1996,BWA,0,7
1996,CAF,2,3
1996,CAN,202,206
1996,CHE,70,102
1996,CHL,6,18
1996,CHN,259,179
1996,CIV,1,12
1996,CMR,6,13
1996,COD,12,2
1996,COG,2,3
1996,COK,1,2
1996,COL,15,47
1996,COM,1,3
1996,CPV,1,2
1996,CRI,7,6
1996,CUB,60,118
1996,CYM,1,8
1996,CYP,4,20
1996,CZE,68,101
1996,DEU,245,381
1996,DJI,0,5
1996,DMA,2,4
1996,DNK,80,65
1996,DOM,4,12
1996,DZA,6,41
1996,ECU,2,26
1996,EGY,4,29
1996,ESP,148,236
1996,EST,12,40
1996,ETH,9,10
1996,FIN,45,60
1996,FJI,3,18
1996,FRA,170,283
1996,GAB,1,8
1996,GBR,159,232
1996,GEO,9,33
1996,GHA,2,38
1996,GIN,1,4
1996,GMB,1,11
1996,GNB,0,3
1996,GNQ,1,7
1996,GRC,79,101
1996,GRD,0,5
1996,GTM,1,27
1996,GUM,2,7
1996,GUY,1,8
1996,HKG,11,21
1996,HND,3,4
1996,HRV,16,101
1996,HTI,0,7
1996,HUN,121,194
1996,IDN,21,24
1996,IND,9,45
1996,IRL,22,77
1996,IRN,1,17
1996,IRQ,0,3
1996,ISL,4,11
1996,ISR,10,28
1996,ITA,136,324
1996,JAM,32,37
1996,JOR,2,3
1996,JPN,217,231
1996,KAZ,36,106
1996,KEN,10,44
1996,KGZ,10,43
1996,KHM,2,3
1996,KNA,9,5
1996,KOR,145,272
1996,KWT,0,27
1996,LAO,1,4
1996,LBN,1,0
1996,LBR,1,6
1996,LBY,0,5
1996,LCA,1,7
1996,LIE,2,0
1996,LKA,6,5
1996,LSO,5,6
1996,LTU,22,59
1996,LUX,4,3
1996,LVA,17,38
1996,MAR,6,32
1996,MCO,1,3
1996,MDA,5,45
1996,MDG,10,4
1996,MDV,1,8
1996,MEX,31,80
1996,MKD,6,10
1996,MLI,2,2
1996,MLT,5,5
1996,MMR,1,2
1996,MNG,6,12
1996,MOZ,1,2
1996,MRT,0,4
1996,MUS,9,27
1996,MWI,0,2
1996,MYS,3,40
1996,NAM,3,7
1996,NER,1,2
1996,NGA,27,57
1996,NIC,1,27
1996,NLD,128,162
1996,NOR,62,54
1996,NPL,3,3
1996,NRU,0,3
1996,NZL,45,84
1996,OMN,0,5
1996,PAK,1,23
1996,PAN,2,7
1996,PER,17,16
1996,PHL,7,11
1996,PLE,0,1
1996,PNG,0,17
1996,POL,53,154
1996,PRI,28,63
1996,PRK,13,23
1996,PRT,39,92
1996,PRY,1,6
1996,QAT,0,13
1996,ROU,123,161
1996,RUS,233,319
1996,RWA,0,4
1996,SAU,0,34
1996,SCG,14,65
1996,SDN,0,4
1996,SEN,0,12
1996,SGP,10,25
1996,SLB,1,3
1996,SLE,7,12
1996,SLV,3,7
1996,SMR,1,6
1996,SOM,0,4
1996,STP,1,1
1996,SUR,5,6
1996,SVK,27,71
1996,SVN,14,33
1996,SWE,93,140
1996,SWZ,1,5
1996,SYC,1,8
1996,SYR,1,7
1996,TCD,1,3
1996,TGO,0,7
1996,THA,20,38
1996,TJK,2,6
1996,TKM,3,4
1996,TON,1,4
1996,TPE,66,41
1996,TTO,6,10
1996,TUN,7,45
1996,TUR,13,48
1996,TZA,1,6
1996,UGA,5,7
1996,UKR,133,218
1996,URY,2,13
1996,USA,361,478
1996,UZB,20,75
1996,VCT,1,11
1996,VEN,6,47
1996,VGB,0,11
1996,VIR,8,6
1996,VNM,3,3
1996,VUT,1,3
1996,WSM,1,4
1996,YEM,0,4
1996,ZAF,37,74
1996,ZMB,1,7
1996,ZWE,3,18
1998,AND,2,5
1998,ARG,5,1
1998,ARM,3,4
1998,AUS,10,24
1998,AUT,39,115
1998,AZE,2,2
1998,BEL,0,3
1998,BGR,20,14
1998,BIH,2,10
1998,BLR,39,68
1998,BMU,0,1
1998,BRA,0,1
1998,CAN,93,115
1998,CHE,35,83
1998,CHL,0,6
1998,CHN,61,27
1998,CYP,0,1
1998,CZE,36,83
1998,DEU,96,121
1998,DNK,8,11
1998,ESP,6,18
1998,EST,13,35
1998,FIN,48,84
1998,FRA,54,105
1998,GBR,7,38
1998,GEO,1,5
1998,GRC,3,13
1998,HRV,6,7
1998,HUN,14,10
1998,IND,0,1
1998,IRL,0,10
1998,IRN,0,1
1998,ISL,6,6
1998,ISR,1,2
1998,ITA,59,120
1998,JAM,0,6
1998,JPN,102,143
1998,KAZ,36,78
1998,KEN,0,1
1998,KGZ,0,2
1998,KOR,22,57
1998,LIE,7,12
1998,LTU,5,13
1998,LUX,0,1
1998,LVA,16,33
1998,MCO,0,6
1998,MDA,2,2
1998,MKD,1,2
1998,MNG,0,3
1998,NLD,27,21
1998,NOR,62,87
1998,NZL,4,5
1998,POL,32,47
1998,PRI,0,7
1998,PRK,13,4
1998,PRT,1,1
1998,ROU,9,20
1998,RUS,75,122
1998,SCG,1,1
1998,SVK,19,45
1998,SVN,26,43
1998,SWE,72,74
1998,TPE,1,8
1998,TTO,0,2
1998,TUR,0,1
1998,UKR,51,53
1998,URY,0,1
1998,USA,126,158
1998,UZB,2,2
1998,VEN,1,0
1998,VIR,1,8
1998,ZAF,1,2
2000,ABW,2,3
2000,AGO,15,15
2000,AHO,1,7
2000,ALB,3,2
2000,AND,2,3
2000,ARE,0,5
2000,ARG,52,113
2000,ARM,2,24
2000,ASM,1,3
2000,ATG,2,2
2000,AUS,368,420
2000,AUT,45,69
2000,AZE,7,25
2000,BDI,1,5
2000,BEL,54,40
2000,BEN,1,3
2000,BFA,1,3
2000,BGD,4,2
2000,BGR,47,103
2000,BHS,15,24
2000,BIH,2,9
2000,BLR,103,128
2000,BLZ,1,1
2000,BMU,2,5
2000,BOL,2,3
2000,BRA,103,133
2000,BRB,10,18
2000,BRN,2,4
2000,BTN,1,1
2000,BWA,0,9
2000,CAF,2,1
2000,CAN,224,198
2000,CHE,55,83
2000,CHL,8,50
2000,CHN,255,159
2000,CIV,9,9
2000,CMR,11,28
2000,COD,2,1
2000,COG,2,3
2000,COK,1,1
2000,COL,24,30
2000,COM,1,1
2000,CPV,1,1
2000,CRI,3,6
2000,CUB,92,179
2000,CYM,3,1
2000,CYP,5,19
2000,CZE,51,111
2000,DEU,238,329
2000,DJI,1,1
2000,DMA,2,2
2000,DNK,56,68
2000,DOM,2,11
2000,DZA,10,41
2000,ECU,3,8
2000,EGY,18,85
2000,ERI,1,2
2000,ESP,148,283
2000,EST,3,38
2000,ETH,12,15
2000,FIN,37,51
2000,FJI,4,5
2000,FRA,174,296
2000,FSM,2,3
2000,GAB,2,4
2000,GBR,183,232
2000,GEO,14,33
2000,GHA,9,19
2000,GIN,3,3
2000,GMB,1,1
2000,GNB,1,2
2000,GNQ,2,2
2000,GRC,73,102
2000,GRD,1,2
2000,GTM,1,17
2000,GUM,2,5
2000,GUY,1,3
2000,HKG,19,27
2000,HND,2,18
2000,HRV,32,76
2000,HTI,2,3
2000,HUN,94,144
2000,IDN,21,33
2000,IND,23,47
2000,IOA,1,3
2000,IRL,31,45
2000,IRN,1,33
2000,IRQ,2,2
2000,ISL,12,17
2000,ISR,13,45
2000,ITA,160,297
2000,JAM,36,29
2000,JOR,4,4
2000,JPN,137,226
2000,KAZ,53,105
2000,KEN,23,36
2000,KGZ,20,51
2000,KHM,2,2
2000,KNA,2,2
2000,KOR,127,232
2000,KWT,0,30
2000,LAO,1,2
2000,LBN,2,4
2000,LBR,2,8
2000,LBY,0,3
2000,LCA,2,3
2000,LIE,1,1
2000,LKA,13,11
2000,LSO,2,4
2000,LTU,30,47
2000,LUX,7,2
2000,LVA,17,43
2000,MAR,9,46
2000,MCO,1,3
2000,MDA,5,30
2000,MDG,8,5
2000,MDV,2,2
2000,MEX,34,64
2000,MKD,8,7
2000,MLI,2,3
2000,MLT,3,4
2000,MMR,6,1
2000,MNG,11,12
2000,MOZ,2,2
2000,MRT,1,1
2000,MUS,6,20
2000,MWI,1,1
2000,MYS,13,42
2000,NAM,6,10
2000,NER,2,2
2000,NGA,49,51
2000,NIC,2,4
2000,NLD,109,176
2000,NOR,54,61
2000,NPL,3,2
2000,NRU,1,1
2000,NZL,84,93
2000,OMN,0,8
2000,PAK,1,26
2000,PAN,3,4
2000,PER,13,9
2000,PHL,10,12
2000,PLE,1,1
2000,PLW,3,2
2000,PNG,3,2
2000,POL,79,161
2000,PRI,7,31
2000,PRK,26,21
2000,PRT,13,51
2000,PRY,3,2
2000,QAT,0,19
2000,ROU,128,124
2000,RUS,269,333
2000,RWA,2,3
2000,SAU,0,23
2000,SCG,26,99
2000,SDN,1,2
2000,SEN,23,9
2000,SGP,13,10
2000,SLB,1,1
2000,SLE,1,2
2000,SLV,5,5
2000,SMR,1,3
2000,SOM,1,1
2000,STP,1,1
2000,SUR,3,2
2000,SVK,36,96
2000,SVN,26,64
2000,SWE,75,123
2000,SWZ,2,4
2000,SYC,3,6
2000,SYR,2,6
2000,TCD,2,1
2000,TGO,1,2
2000,THA,26,42
2000,TJK,2,2
2000,TKM,4,4
2000,TON,1,2
2000,TPE,42,33
2000,TTO,7,22
2000,TUN,7,40
2000,TUR,20,47
2000,TZA,1,3
2000,UGA,4,9
2000,UKR,152,216
2000,URY,3,14
2000,USA,340,424
2000,UZB,27,58
2000,VCT,2,2
2000,VEN,22,43
2000,VGB,0,1
2000,VIR,3,9
2000,VNM,4,3
2000,VUT,1,2
2000,WSM,1,4
2000,YEM,1,1
2000,ZAF,49,112
2000,ZMB,2,6
2000,ZWE,8,18
2002,AND,2,3
2002,ARG,11,15
2002,ARM,8,9
2002,AUS,19,22
2002,AUT,32,116
2002,AZE,1,3
2002,BEL,0,13
2002,BGR,28,26
2002,BIH,0,4
2002,BLR,47,76
2002,BMU,0,1
2002,BRA,2,8
2002,CAN,101,114
2002,CHE,46,121
2002,CHL,3,8
2002,CHN,73,35
2002,CMR,0,2
2002,CRI,0,2
2002,CYP,0,2
2002,CZE,54,109
2002,DEU,121,138
2002,DNK,6,5
2002,ESP,6,10
2002,EST,10,41
2002,FIN,63,102
2002,FJI,0,2
2002,FRA,49,127
2002,GBR,26,44
2002,GEO,2,4
2002,GRC,6,11
2002,HKG,5,0
2002,HRV,12,17
2002,HUN,20,26
2002,IND,0,1
2002,IRL,2,7
2002,IRN,0,2
2002,ISL,5,7
2002,ISR,5,2
2002,ITA,90,108
2002,JAM,0,2
2002,JPN,88,115
2002,KAZ,52,49
2002,KEN,0,2
2002,KGZ,0,4
2002,KOR,28,59
2002,LBN,2,1
2002,LIE,1,17
2002,LTU,5,16
2002,LVA,8,60
2002,MCO,0,7
2002,MDA,5,4
2002,MEX,0,3
2002,MKD,0,4
2002,MNG,1,3
2002,NLD,22,27
2002,NOR,56,110
2002,NPL,0,2
2002,NZL,3,13
2002,POL,8,46
2002,ROU,21,20
2002,RUS,102,138
2002,SCG,2,6
2002,SMR,0,1
2002,SVK,23,56
2002,SVN,41,55
2002,SWE,73,86
2002,THA,0,2
2002,TJK,0,2
2002,TPE,0,6
2002,TTO,0,3
2002,TUR,2,3
2002,UKR,43,68
2002,USA,135,178
2002,UZB,3,3
2002,VEN,1,3
2002,VIR,2,6
2002,ZAF,0,4
2004,ABW,1,3
2004,AFG,2,3
2004,AGO,16,14
2004,AHO,0,3
2004,ALB,2,5
2004,AND,2,4
2004,ARE,0,5
2004,ARG,55,124
2004,ARM,2,17
2004,ASM,1,2
2004,ATG,2,3
2004,AUS,274,327
2004,AUT,26,66
2004,AZE,7,30
2004,BDI,2,5
2004,BEL,26,44
2004,BEN,2,2
2004,BFA,2,3
2004,BGD,1,3
2004,BGR,52,67
2004,BHS,12,16
2004,BIH,2,9
2004,BLR,87,105
2004,BLZ,1,1
2004,BMU,5,5
2004,BOL,7,4
2004,BRA,160,158
2004,BRB,1,14
2004,BRN,3,8
2004,BTN,1,1
2004,BWA,1,11
2004,CAF,2,2
2004,CAN,191,200
2004,CHE,58,80
2004,CHL,8,21
2004,CHN,317,201
2004,CIV,3,2
2004,CMR,9,10
2004,COD,1,5
2004,COG,3,2
2004,COK,1,2
2004,COL,28,43
2004,COM,1,2
2004,CPV,1,2
2004,CRI,4,17
2004,CUB,61,116
2004,CYM,3,5
2004,CYP,7,14
2004,CZE,76,95
2004,DEU,243,349
2004,DMA,1,1
2004,DNK,56,59
2004,DOM,16,17
2004,DZA,17,54
2004,ECU,6,12
2004,EGY,16,88
2004,ERI,1,4
2004,ESP,184,239
2004,EST,12,33
2004,ETH,12,15
2004,FIN,23,44
2004,FJI,4,5
2004,FRA,175,286
2004,FSM,2,3
2004,GAB,2,3
2004,GBR,164,196
2004,GEO,7,32
2004,GHA,3,26
2004,GIN,1,3
2004,GMB,1,2
2004,GNB,2,1
2004,GNQ,1,1
2004,GRC,246,253
2004,GRD,2,3
2004,GTM,8,11
2004,GUM,1,3
2004,GUY,2,2
2004,HKG,23,19
2004,HND,2,3
2004,HRV,24,76
2004,HTI,1,7
2004,HUN,113,145
2004,IDN,17,22
2004,IND,30,51
2004,IRL,18,37
2004,IRN,1,36
2004,IRQ,1,23
2004,ISL,6,28
2004,ISR,19,27
2004,ITA,170,304
2004,JAM,35,27
2004,JOR,4,4
2004,JPN,204,210
2004,KAZ,47,83
2004,KEN,24,22
2004,KGZ,7,25
2004,KHM,2,2
2004,KIR,1,2
2004,KNA,1,1
2004,KOR,141,203
2004,KWT,1,10
2004,LAO,2,3
2004,LBN,2,3
2004,LBR,1,1
2004,LBY,2,6
2004,LCA,1,1
2004,LIE,0,1
2004,LKA,4,4
2004,LSO,2,1
2004,LTU,15,55
2004,LUX,7,7
2004,LVA,11,34
2004,MAR,9,48
2004,MCO,1,2
2004,MDA,7,26
2004,MDG,5,3
2004,MDV,2,2
2004,MEX,67,70
2004,MKD,6,8
2004,MLI,2,19
2004,MLT,3,4
2004,MMR,2,0
2004,MNG,8,13
2004,MOZ,2,2
2004,MRT,1,1
2004,MUS,3,6
2004,MWI,2,2
2004,MYS,11,27
2004,NAM,1,9
2004,NER,1,3
2004,NGA,50,29
2004,NIC,4,2
2004,NLD,105,159
2004,NOR,18,42
2004,NPL,3,3
2004,NRU,1,2
2004,NZL,82,102
2004,OMN,0,2
2004,PAK,2,24
2004,PAN,2,3
2004,PER,5,9
2004,PHL,5,16
2004,PLE,1,2
2004,PLW,2,2
2004,PNG,2,4
2004,POL,72,152
2004,PRI,13,39
2004,PRK,51,20
2004,PRT,18,75
2004,PRY,2,20
2004,QAT,0,15
2004,ROU,98,95
2004,RUS,265,328
2004,RWA,2,3
2004,SAU,0,16
2004,SCG,9,87
2004,SDN,1,3
2004,SEN,13,8
2004,SGP,15,7
2004,SLB,1,1
2004,SLE,1,1
2004,SLV,7,2
2004,SMR,1,4
2004,SOM,1,1
2004,STP,1,1
2004,SUR,2,2
2004,SVK,26,58
2004,SVN,35,67
2004,SWE,75,82
2004,SWZ,1,2
2004,SYC,2,8
2004,SYR,1,5
2004,TCD,1,0
2004,TGO,1,2
2004,THA,21,30
2004,TJK,4,5
2004,TKM,3,7
2004,TLS,1,1
2004,TON,1,4
2004,TPE,47,57
2004,TTO,10,16
2004,TUN,12,52
2004,TUR,27,47
2004,TZA,2,7
2004,UGA,2,9
2004,UKR,162,195
2004,URY,2,16
2004,USA,340,386
2004,UZB,22,57
2004,VCT,1,2
2004,VEN,18,35
2004,VGB,0,1
2004,VIR,2,7
2004,VNM,5,6
2004,VUT,1,1
2004,WSM,1,2
2004,YEM,0,3
2004,ZAF,49,79
2004,ZMB,2,4
2004,ZWE,5,9
2006,ALB,0,3
2006,AND,0,10
2006,ARG,9,8
2006,ARM,1,8
2006,AUS,18,27
2006,AUT,33,99
2006,AZE,1,1
2006,BEL,0,8
2006,BGR,25,19
2006,BIH,4,5
2006,BLR,42,28
2006,BMU,0,1
2006,BRA,3,9
2006,CAN,136,169
2006,CHE,62,119
2006,CHL,5,10
2006,CHN,81,65
2006,CRI,0,1
2006,CYP,0,2
2006,CZE,53,117
2006,DEU,116,147
2006,DNK,4,0
2006,DZA,2,1
2006,ESP,16,12
2006,EST,24,39
2006,ETH,0,1
2006,FIN,47,93
2006,FRA,69,90
2006,GBR,22,32
2006,GEO,1,3
2006,GRC,3,5
2006,HKG,3,0
2006,HRV,17,29
2006,HUN,14,18
2006,IND,2,3
2006,IRL,2,3
2006,IRN,0,3
2006,ISL,4,8
2006,ISR,2,4
2006,ITA,117,173
2006,JPN,87,103
2006,KAZ,30,67
2006,KEN,0,1
2006,KGZ,0,2
2006,KOR,30,55
2006,LBN,5,2
2006,LIE,3,9
2006,LTU,7,7
2006,LUX,1,0
2006,LVA,20,72
2006,MCO,5,5
2006,MDA,7,3
2006,MDG,0,2
2006,MKD,2,3
2006,MNG,1,1
2006,NLD,30,33
2006,NOR,56,105
2006,NPL,0,1
2006,NZL,8,10
2006,POL,34,57
2006,PRK,5,2
2006,PRT,0,1
2006,ROU,26,27
2006,RUS,111,172
2006,SCG,6,5
2006,SEN,0,3
2006,SMR,0,1
2006,SVK,38,76
2006,SVN,39,57
2006,SWE,73,95
2006,THA,0,1
2006,TJK,0,3
2006,TPE,0,1
2006,TUR,7,10
2006,UKR,48,61
2006,USA,138,187
2006,UZB,2,2
2006,VEN,0,1
2006,ZAF,0,9
2008,ABW,0,2
2008,AFG,1,3
2008,AGO,15,18
2008,AHO,0,4
2008,ALB,5,7
2008,AND,2,3
2008,ARE,2,7
2008,ARG,56,89
2008,ARM,2,24
2008,ASM,2,2
2008,ATG,1,4
2008,AUS,271,299
2008,AUT,38,55
2008,AZE,14,30
2008,BDI,2,1
2008,BEL,22,90
2008,BEN,2,3
2008,BFA,3,3
2008,BGD,2,3
2008,BGR,35,52
2008,BHS,11,22
2008,BIH,1,6
2008,BLR,96,141
2008,BLZ,1,3
2008,BMU,4,2
2008,BOL,3,4
2008,BRA,166,172
2008,BRB,2,8
2008,BRN,3,12
2008,BTN,1,1
2008,BWA,2,9
2008,CAF,1,2
2008,CAN,188,261
2008,CHE,48,68
2008,CHL,7,22
2008,CHN,354,376
2008,CIV,2,20
2008,CMR,7,25
2008,COD,1,4
2008,COG,2,3
2008,COK,1,3
2008,COL,33,57
2008,COM,1,2
2008,CPV,1,1
2008,CRI,2,6
2008,CUB,61,110
2008,CYM,1,5
2008,CYP,11,7
2008,CZE,71,87
2008,DEU,245,313
2008,DJI,1,1
2008,DMA,0,2
2008,DNK,32,76
2008,DOM,8,19
2008,DZA,22,35
2008,ECU,8,18
2008,EGY,34,82
2008,ERI,2,9
2008,ESP,146,209
2008,EST,17,36
2008,ETH,14,15
2008,FIN,32,38
2008,FJI,2,4
2008,FRA,182,266
2008,FSM,2,3
2008,GAB,2,2
2008,GBR,209,211
2008,GEO,9,29
2008,GHA,1,8
2008,GIN,3,2
2008,GMB,1,2
2008,GNB,1,2
2008,GNQ,1,2
2008,GRC,79,97
2008,GRD,5,4
2008,GTM,4,9
2008,GUM,2,5
2008,GUY,2,2
2008,HKG,25,22
2008,HND,2,24
2008,HRV,30,95
2008,HTI,4,3
2008,HUN,103,113
2008,IDN,11,15
2008,IND,29,38
2008,IRL,19,44
2008,IRN,3,52
2008,IRQ,1,3
2008,ISL,9,22
2008,ISR,25,35
2008,ITA,183,276
2008,JAM,36,30
2008,JOR,4,3
2008,JPN,224,233
2008,KAZ,74,72
2008,KEN,18,29
2008,KGZ,4,18
2008,KHM,2,2
2008,KIR,0,2
2008,KNA,4,2
2008,KOR,121,208
2008,KWT,0,8
2008,LAO,2,2
2008,LBN,2,4
2008,LBR,2,2
2008,LBY,2,4
2008,LCA,3,1
2008,LIE,0,2
2008,LKA,4,5
2008,LSO,1,4
2008,LTU,33,45
2008,LUX,4,15
2008,LVA,18,35
2008,MAR,12,37
2008,MCO,1,4
2008,MDA,8,22
2008,MDG,2,4
2008,MDV,2,2
2008,MEX,51,52
2008,MHL,2,3
2008,MKD,2,5
2008,MLI,14,3
2008,MLT,3,3
2008,MMR,2,5
2008,MNE,2,18
2008,MNG,17,14
2008,MOZ,2,2
2008,MRT,1,1
2008,MUS,5,6
2008,MWI,2,2
2008,MYS,16,26
2008,NAM,5,6
2008,NER,2,2
2008,NGA,47,42
2008,NIC,3,4
2008,NLD,123,160
2008,NOR,59,43
2008,NPL,4,4
2008,NRU,0,1
2008,NZL,89,112
2008,OMN,1,3
2008,PAK,2,20
2008,PAN,2,3
2008,PER,6,7
2008,PHL,6,11
2008,PLE,2,2
2008,PLW,2,3
2008,PNG,4,5
2008,POL,135,181
2008,PRI,7,24
2008,PRK,44,22
2008,PRT,29,58
2008,PRY,4,3
2008,QAT,0,20
2008,ROU,88,84
2008,RUS,285,315
2008,RWA,2,2
2008,SAU,0,18
2008,SDN,4,5
2008,SEN,7,10
2008,SGP,23,13
2008,SLB,2,1
2008,SLE,1,2
2008,SLV,10,4
2008,SMR,2,2
2008,SOM,1,1
2008,SRB,27,70
2008,STP,1,3
2008,SUR,2,2
2008,SVK,28,39
2008,SVN,27,46
2008,SWE,97,72
2008,SWZ,2,2
2008,SYC,3,7
2008,SYR,1,6
2008,TCD,1,1
2008,TGO,1,3
2008,THA,30,23
2008,TJK,3,13
2008,TKM,4,6
2008,TLS,1,0
2008,TON,1,2
2008,TPE,44,48
2008,TTO,13,22
2008,TUN,12,17
2008,TUR,21,50
2008,TUV,1,2
2008,TZA,2,7
2008,UGA,2,9
2008,UKR,166,161
2008,URY,3,10
2008,USA,366,397
2008,UZB,20,49
2008,VCT,1,1
2008,VEN,58,68
2008,VGB,1,1
2008,VIR,2,6
2008,VNM,10,8
2008,VUT,2,1
2008,WSM,2,5
2008,YEM,1,7
2008,ZAF,80,99
2008,ZMB,2,6
2008,ZWE,8,8
2010,ALB,0,2
2010,AND,7,13
2010,ARG,12,8
2010,ARM,3,3
2010,AUS,23,26
2010,AUT,41,91
2010,AZE,2,2
2010,BEL,4,6
2010,BGR,15,26
2010,BIH,7,3
2010,BLR,42,53
2010,BMU,0,1
2010,BRA,4,3
2010,CAN,138,170
2010,CHE,66,124
2010,CHL,5,5
2010,CHN,83,44
2010,COL,2,0
2010,CYM,0,1
2010,CYP,2,2
2010,CZE,52,120
2010,DEU,105,154
2010,DNK,10,13
2010,DZA,0,1
2010,ESP,15,20
2010,EST,27,37
2010,ETH,0,1
2010,FIN,53,93
2010,FRA,71,125
2010,GBR,30,48
2010,GEO,4,5
2010,GHA,0,1
2010,GRC,5,7
2010,HKG,3,0
2010,HRV,10,27
2010,HUN,21,11
2010,IND,0,3
2010,IRL,4,3
2010,IRN,2,5
2010,ISL,2,5
2010,ISR,1,3
2010,ITA,80,128
2010,JAM,0,1
2010,JPN,72,81
2010,KAZ,48,52
2010,KGZ,1,2
2010,KOR,35,49
2010,LBN,4,2
2010,LIE,1,4
2010,LTU,5,8
2010,LVA,20,61
2010,MAR,0,2
2010,MCO,4,2
2010,MDA,4,7
2010,MEX,0,2
2010,MKD,1,3
2010,MNE,0,2
2010,MNG,1,1
2010,NLD,35,30
2010,NOR,55,135
2010,NPL,0,1
2010,NZL,9,13
2010,PAK,0,1
2010,PER,2,3
2010,POL,61,45
2010,PRK,2,1
2010,PRT,0,1
2010,ROU,28,21
2010,RUS,126,153
2010,SEN,0,2
2010,SMR,0,1
2010,SRB,8,7
2010,SVK,43,64
2010,SVN,46,61
2010,SWE,80,92
2010,TJK,0,4
2010,TPE,0,1
2010,TUR,6,3
2010,UKR,51,44
2010,USA,145,196
2010,UZB,3,2
2010,ZAF,0,2
2012,ABW,1,3
2012,AFG,1,5
2012,AGO,29,6
2012,ALB,3,7
2012,AND,2,4
2012,ARE,2,24
2012,ARG,45,103
2012,ARM,4,27
2012,ASM,1,3
2012,ATG,2,2
2012,AUS,243,271
2012,AUT,38,52
2012,AZE,16,43
2012,BDI,4,2
2012,BEL,49,93
2012,BEN,1,4
2012,BFA,3,2
2012,BGD,1,6
2012,BGR,36,39
2012,BHS,13,16
2012,BIH,2,6
2012,BLR,86,99
2012,BLZ,1,2
2012,BMU,3,5
2012,BOL,2,3
2012,BRA,144,162
2012,BRB,0,8
2012,BRN,11,6
2012,BTN,2,0
2012,BWA,1,3
2012,CAF,3,3
2012,CAN,208,146
2012,CHE,37,89
2012,CHL,18,26
2012,CHN,267,212
2012,CIV,6,4
2012,CMR,22,10
2012,COD,1,3
2012,COG,3,4
2012,COK,5,4
2012,COL,64,56
2012,COM,2,1
2012,CPV,2,1
2012,CRI,3,8
2012,CUB,48,70
2012,CYM,0,7
2012,CYP,4,9
2012,CZE,78,81
2012,DEU,231,279
2012,DJI,2,2
2012,DMA,1,1
2012,DNK,73,76
2012,DOM,21,15
2012,DZA,17,22
2012,ECU,13,23
2012,EGY,45,87
2012,ERI,1,11
2012,ESP,136,203
2012,EST,11,25
2012,ETH,16,18
2012,FIN,37,32
2012,FJI,3,6
2012,FRA,183,243
2012,FSM,2,4
2012,GAB,2,19
2012,GBR,334,350
2012,GEO,8,28
2012,GHA,2,5
2012,GIN,2,2
2012,GMB,1,1
2012,GNB,2,2
2012,GNQ,1,1
2012,GRC,45,70
2012,GRD,3,5
2012,GTM,10,14
2012,GUM,3,5
2012,GUY,2,4
2012,HKG,29,26
2012,HND,3,22
2012,HRV,49,69
2012,HTI,2,3
2012,HUN,88,113
2012,IDN,9,13
2012,IND,29,66
2012,IOA,1,3
2012,IRL,34,42
2012,IRN,11,46
2012,IRQ,3,5
2012,ISL,12,24
2012,ISR,23,33
2012,ITA,170,212
2012,JAM,33,29
2012,JOR,4,5
2012,JPN,200,199
2012,KAZ,47,85
2012,KEN,22,29
2012,KGZ,3,12
2012,KHM,3,3
2012,KIR,1,2
2012,KNA,0,7
2012,KOR,136,176
2012,KWT,3,9
2012,LAO,1,2
2012,LBN,7,3
2012,LBR,2,1
2012,LBY,1,3
2012,LCA,3,1
2012,LIE,3,1
2012,LKA,3,5
2012,LSO,2,2
2012,LTU,30,42
2012,LUX,4,7
2012,LVA,14,36
2012,MAR,19,48
2012,MCO,1,5
2012,MDA,8,12
2012,MDG,4,3
2012,MDV,2,3
2012,MEX,45,74
2012,MHL,2,2
2012,MKD,2,2
2012,MLI,2,4
2012,MLT,2,3
2012,MMR,3,3
2012,MNE,15,19
2012,MNG,14,18
2012,MOZ,2,4
2012,MRT,1,1
2012,MUS,7,4
2012,MWI,2,1
2012,MYS,16,22
2012,NAM,4,5
2012,NER,2,4
2012,NGA,28,30
2012,NIC,3,3
2012,NLD,105,117
2012,NOR,32,37
2012,NPL,3,2
2012,NRU,0,2
2012,NZL,94,110
2012,OMN,1,2
2012,PAK,2,19
2012,PAN,2,6
2012,PER,7,9
2012,PHL,4,7
2012,PLE,2,3
2012,PLW,3,2
2012,PNG,4,4
2012,POL,111,145
2012,PRI,9,19
2012,PRK,40,17
2012,PRT,42,56
2012,PRY,4,6
2012,QAT,5,9
2012,ROU,73,82
2012,RUS,283,266
2012,RWA,2,5
2012,SAU,2,21
2012,SDN,2,4
2012,SEN,7,25
2012,SGP,24,12
2012,SLB,2,2
2012,SLE,1,1
2012,SLV,6,5
2012,SMR,3,1
2012,SOM,1,1
2012,SRB,42,92
2012,STP,1,1
2012,SUR,2,3
2012,SVK,30,35
2012,SVN,48,30
2012,SWE,102,66
2012,SWZ,1,2
2012,SYC,2,4
2012,SYR,4,6
2012,TCD,2,0
2012,TGO,2,4
2012,THA,21,22
2012,TJK,3,13
2012,TKM,3,7
2012,TLS,1,1
2012,TON,1,2
2012,TPE,33,22
2012,TTO,12,26
2012,TUN,21,66
2012,TUR,67,52
2012,TUV,1,2
2012,TZA,2,4
2012,UGA,4,12
2012,UKR,143,161
2012,URY,3,24
2012,USA,343,346
2012,UZB,19,37
2012,VCT,1,2
2012,VEN,36,49
2012,VGB,1,1
2012,VIR,5,4
2012,VNM,16,8
2012,VUT,2,3
2012,WSM,3,6
2012,YEM,1,3
2012,ZAF,61,84
2012,ZMB,2,5
2012,ZWE,5,4
2014,ALB,2,0
2014,AND,5,7
2014,ARG,9,11
2014,ARM,1,5
2014,AUS,43,41
2014,AUT,74,139
2014,AZE,1,3
2014,BEL,5,6
2014,BGR,10,37
2014,BIH,5,9
2014,BLR,30,42
2014,BMU,0,1
2014,BRA,10,7
2014,CAN,158,201
2014,CHE,94,125
2014,CHL,6,8
2014,CHN,66,43
2014,CYM,0,2
2014,CYP,0,2
2014,CZE,64,115
2014,DEU,126,145
2014,DMA,0,1
2014,DNK,4,11
2014,ESP,11,28
2014,EST,20,46
2014,FIN,52,95
2014,FRA,74,127
2014,GBR,31,47
2014,GEO,3,4
2014,GRC,3,10
2014,HKG,0,1
2014,HRV,9,16
2014,HUN,22,15
2014,IND,0,2
2014,IOA,0,1
2014,IRL,2,6
2014,IRN,2,5
2014,ISL,5,6
2014,ISR,1,5
2014,ITA,96,131
2014,JAM,0,2
2014,JPN,96,75
2014,KAZ,41,74
2014,KGZ,0,2
2014,KOR,54,76
2014,LBN,1,2
2014,LIE,1,4
2014,LTU,11,9
2014,LUX,0,1
2014,LVA,13,69
2014,MAR,2,2
2014,MCO,2,9
2014,MDA,2,3
2014,MEX,0,1
2014,MKD,1,5
2014,MLT,2,0
2014,MNE,1,2
2014,MNG,1,1
2014,NLD,41,41
2014,NOR,77,142
2014,NPL,0,1
2014,NZL,8,10
2014,PAK,0,1
2014,PER,2,3
2014,PHL,0,1
2014,POL,73,76
2014,PRT,2,2
2014,PRY,1,0
2014,ROU,15,25
2014,RUS,152,201
2014,SMR,1,1
2014,SRB,5,12
2014,SVK,41,74
2014,SVN,41,75
2014,SWE,64,84
2014,TGO,3,0
2014,THA,1,2
2014,TJK,0,1
2014,TLS,0,1
2014,TON,0,1
2014,TPE,0,5
2014,TUR,6,5
2014,UKR,56,45
2014,USA,158,209
2014,UZB,2,3
2014,VEN,0,1
2014,VGB,0,1
2014,VIR,2,0
2014,ZWE,0,2
2016,ABW,4,3
2016,AFG,1,2
2016,AGO,18,8
2016,ALB,3,3
2016,AND,2,2
2016,ARE,3,9
2016,ARG,82,150
2016,ARM,10,24
2016,ASM,1,3
2016,ATG,2,7
2016,AUS,263,255
2016,AUT,40,45
2016,AZE,16,53
2016,BDI,4,6
2016,BEL,53,85
2016,BEN,2,4
2016,BFA,2,3
2016,BGD,3,4
2016,BGR,25,33
2016,BHS,17,21
2016,BIH,4,7
2016,BLR,77,65
2016,BLZ,1,2
2016,BMU,4,4
2016,BOL,6,6
2016,BRA,259,324
2016,BRB,5,8
2016,BRN,14,22
2016,BTN,2,0
2016,BWA,3,11
2016,CAF,3,3
2016,CAN,254,151
2016,CHE,61,91
2016,CHL,21,26
2016,CHN,295,204
2016,CIV,9,6
2016,CMR,17,5
2016,COD,2,2
2016,COG,3,7
2016,COK,5,4
2016,COL,76,81
2016,COM,2,2
2016,CPV,3,2
2016,CRI,5,7
2016,CUB,43,100
2016,CYM,2,3
2016,CYP,7,14
2016,CZE,56,79
2016,DEU,246,290
2016,DJI,1,7
2016,DMA,1,1
2016,DNK,61,82
2016,DOM,8,22
2016,DZA,13,61
2016,ECU,16,24
2016,EGY,46,91
2016,ERI,1,11
2016,ESP,172,191
2016,EST,21,28
2016,ETH,21,17
2016,FIN,33,34
2016,FJI,17,36
2016,FRA,217,295
2016,FSM,3,2
2016,GAB,2,4
2016,GBR,212,266
2016,GEO,14,31
2016,GHA,8,7
2016,GIN,3,2
2016,GMB,1,3
2016,GNB,2,3
2016,GNQ,0,1
2016,GRC,37,67
2016,GRD,1,5
2016,GTM,10,15
2016,GUM,2,3
2016,GUY,4,3
2016,HKG,30,17
2016,HND,1,22
2016,HRV,24,69
2016,HTI,3,7
2016,HUN,90,114
2016,IDN,11,20
2016,IND,62,68
2016,IOA,1,8
2016,IRL,31,62
2016,IRN,11,56
2016,IRQ,0,20
2016,ISL,10,4
2016,ISR,31,28
2016,ITA,186,213
2016,JAM,43,34
2016,JOR,1,7
2016,JPN,209,227
2016,KAZ,57,66
2016,KEN,34,46
2016,KGZ,7,12
2016,KHM,4,2
2016,KIR,1,2
2016,KNA,1,8
2016,KOR,118,145
2016,LAO,2,3
2016,LBN,5,4
2016,LBR,1,2
2016,LBY,1,6
2016,LCA,3,2
2016,LIE,2,1
2016,LKA,2,8
2016,LSO,1,8
2016,LTU,20,60
2016,LUX,7,8
2016,LVA,13,20
2016,MAR,21,31
2016,MCO,0,8
2016,MDA,9,14
2016,MDG,4,2
2016,MDV,2,2
2016,MEX,56,83
2016,MHL,3,2
2016,MKD,4,2
2016,MLI,2,4
2016,MLT,4,4
2016,MMR,3,5
2016,MNE,18,17
2016,MNG,20,26
2016,MOZ,1,7
2016,MRT,1,1
2016,MUS,6,5
2016,MWI,2,3
2016,MYS,19,23
2016,NAM,6,5
2016,NER,2,4
2016,NGA,28,49
2016,NIC,2,3
2016,NLD,176,153
2016,NOR,37,40
2016,NPL,4,3
2016,NRU,0,2
2016,NZL,114,118
2016,OMN,2,2
2016,PAK,3,4
2016,PAN,9,5
2016,PER,15,19
2016,PHL,6,7
2016,PLE,2,4
2016,PLW,3,3
2016,PNG,2,6
2016,POL,125,164
2016,PRI,28,13
2016,PRK,25,13
2016,PRT,34,72
2016,PRY,5,6
2016,QAT,2,40
2016,ROT,5,7
2016,ROU,75,46
2016,RUS,203,203
2016,RWA,3,4
2016,SAU,3,8
2016,SDN,2,4
2016,SEN,16,6
2016,SGP,20,12
2016,SLB,2,1
2016,SLE,2,2
2016,SLV,3,7
2016,SMR,2,2
2016,SOM,1,1
2016,SRB,62,73
2016,SSD,1,2
2016,STP,1,2
2016,SUR,2,4
2016,SVK,24,39
2016,SVN,29,41
2016,SWE,112,74
2016,SWZ,1,1
2016,SYC,2,8
2016,SYR,3,4
2016,TCD,1,1
2016,TGO,3,2
2016,THA,30,28
2016,TJK,2,5
2016,TKM,5,4
2016,TLS,2,1
2016,TON,3,4
2016,TPE,36,31
2016,TTO,18,25
2016,TUN,21,44
2016,TUR,54,65
2016,TUV,0,1
2016,TZA,2,5
2016,UGA,8,15
2016,UKR,145,127
2016,URY,5,12
2016,USA,369,350
2016,UZB,27,53
2016,VCT,2,2
2016,VEN,29,76
2016,VGB,3,1
2016,VIR,2,5
2016,VNM,16,12
2016,VUT,0,4
2016,WSM,4,5
2016,YEM,1,2
2016,ZAF,46,109
2016,ZMB,2,5
2016,ZWE,22,9
