Year,NOC,Gold,Silver,Bronze
1960,AFG,0,0,0
1960,AHO,0,0,0
1960,ARE,0,1,1
1960,ARG,0,3,1
1960,AUS,11,24,11
1960,AUT,2,4,3
1960,BEL,0,2,2
1960,BGR,1,3,3
1960,BHS,0,0,0
1960,BMU,0,0,0
1960,BRA,0,0,13
1960,CAN,3,26,1
1960,CHE,2,6,6
1960,CHL,0,0,0
1960,COL,0,0,0
1960,CUB,0,0,0
1960,DEU,38,37,23
1960,DNK,2,17,4
1960,ESP,0,0,14
1960,ETH,1,0,0
1960,FIN,6,4,9
1960,FJI,0,0,0
1960,FRA,1,6,8
1960,GBR,2,11,15
1960,GHA,0,1,0
1960,GRC,3,0,0
1960,GUY,0,0,0
1960,HKG,0,0,0
1960,HTI,0,0,0
1960,HUN,13,16,37
1960,IDN,0,0,0
1960,IND,0,13,0
1960,IRL,0,0,0
1960,IRN,0,1,3
1960,IRQ,0,0,1
1960,ISL,0,0,0
1960,ISR,0,0,0
1960,ITA,36,18,35
1960,JPN,9,10,12
1960,KEN,0,0,0
1960,KOR,0,0,0
1960,LBN,0,0,0
1960,LBR,0,0,0
1960,LIE,0,0,0
1960,LKA,0,0,0
1960,LUX,0,0,0
1960,MAL,0,0,0
1960,MAR,0,1,0
1960,MCO,0,0,0
1960,MEX,0,0,1
1960,MLT,0,0,0
1960,MMR,0,0,0
1960,NGA,0,0,0
1960,NLD,0,2,3
1960,NOR,5,6,0
1960,NZL,2,0,1
1960,PAK,13,0,1
1960,PAN,0,0,0
1960,PER,0,0,0
1960,PHL,0,0,0
1960,POL,4,12,16
1960,PRI,0,0,0
1960,PRT,0,2,0
1960,RHO,0,0,0
1960,ROU,3,1,11
1960,SDN,0,0,0
1960,SGP,0,1,0
1960,SMR,0,0,0
1960,SWE,7,4,5
1960,TCH,4,8,11
1960,THA,0,0,0
1960,TPE,0,1,0
1960,TUN,0,0,0
1960,TUR,7,2,0
1960,UGA,0,0,0
1960,URS,68,70,73
1960,URY,0,0,0
1960,USA,100,27,25
1960,VEN,0,0,1
1960,VNM,0,0,0
1960,WIF,0,0,5
1960,YUG,16,1,0
1960,ZAF,0,1,2
1960,ZWE,0,0,0
1964,AFG,0,0,0
1964,AHO,0,0,0
1964,ARG,0,1,0
1964,AUS,8,6,30
1964,AUT,5,9,3
1964,BEL,2,0,1
1964,BGR,3,5,2
1964,BHS,2,0,0
1964,BMU,0,0,0
1964,BOL,0,0,0
1964,BRA,0,0,12
1964,CAN,6,4,2
1964,CHE,1,4,1
1964,CHL,0,0,0
1964,CIV,0,0,0
1964,CMR,0,0,0
1964,COG,0,0,0
1964,COL,0,0,0
1964,CRI,0,0,0
1964,CUB,0,1,0
1964,DEU,25,48,53
1964,DNK,7,1,4
1964,DOM,0,0,0
1964,DZA,0,0,0
1964,EGY,0,0,0
1964,ESP,0,0,0
1964,ETH,1,0,0
1964,FIN,6,7,7
1964,FRA,4,17,17
1964,GBR,6,19,5
1964,GHA,0,0,1
1964,GRC,0,0,0
1964,GUY,0,0,0
1964,HKG,0,0,0
1964,HUN,42,7,7
1964,IND,15,0,0
1964,IRL,0,0,1
1964,IRN,0,0,2
1964,IRQ,0,0,0
1964,ISL,0,0,0
1964,ISR,0,0,0
1964,ITA,14,30,17
1964,JAM,0,0,0
1964,JPN,32,5,25
1964,KEN,0,0,1
1964,KHM,0,0,0
1964,KOR,0,2,1
1964,LBN,0,0,0
1964,LBR,0,0,0
1964,LIE,0,0,0
1964,LKA,0,0,0
1964,LUX,0,0,0
1964,MAR,0,0,0
1964,MCO,0,0,0
1964,MDG,0,0,0
1964,MEX,0,0,1
1964,MLI,0,0,0
1964,MMR,0,0,0
1964,MNG,0,0,0
1964,MYS,0,0,0
1964,NER,0,0,0
1964,NGA,0,0,1
1964,NLD,6,11,16
1964,NOR,3,6,6
1964,NPL,0,0,0
1964,NZL,4,0,2
1964,PAK,0,16,0
1964,PAN,0,0,0
1964,PER,0,0,0
1964,PHL,0,1,0
1964,POL,10,13,23
1964,PRI,0,0,0
1964,PRK,0,1,0
1964,PRT,0,0,0
1964,ROU,2,4,10
1964,SEN,0,0,0
1964,SWE,9,25,9
1964,TCD,0,0,0
1964,TCH,5,37,29
1964,THA,0,0,0
1964,TPE,0,0,0
1964,TTO,0,1,5
1964,TUN,0,1,1
1964,TUR,2,3,1
1964,TZA,0,0,0
1964,UGA,0,0,0
1964,URS,90,71,60
1964,URY,0,0,1
1964,USA,96,39,42
1964,VEN,0,0,0
1964,VNM,0,0,0
1964,YUG,2,11,2
1964,ZMB,0,0,0
1964,ZWE,0,0,0
1968,AFG,0,0,0
1968,AHO,0,0,0
1968,ARG,0,0,2
1968,AUS,5,35,11
1968,AUT,3,10,7
1968,BEL,0,1,2
1968,BGR,2,21,3
1968,BHS,0,0,0
1968,BLZ,0,0,0
1968,BMU,0,0,0
1968,BOL,0,0,0
1968,BRA,0,1,3
1968,BRB,0,0,0
1968,CAF,0,0,0
1968,CAN,4,4,22
1968,CHE,0,5,17
1968,CHL,0,0,0
1968,CIV,0,0,0
1968,CMR,0,1,0
1968,COD,0,0,0
1968,COL,0,0,0
1968,CRI,0,0,0
1968,CUB,0,10,0
1968,DNK,5,6,6
1968,DOM,0,0,0
1968,DZA,0,0,0
1968,ECU,0,0,0
1968,EGY,0,0,0
1968,ESP,0,0,0
1968,ETH,1,1,0
1968,FIN,2,4,6
1968,FJI,0,0,0
1968,FRA,16,8,12
1968,FRG,19,19,23
1968,GBR,9,5,5
1968,GDR,15,22,21
1968,GHA,0,0,0
1968,GIN,0,0,0
1968,GRC,0,0,1
1968,GTM,0,0,0
1968,GUY,0,0,0
1968,HKG,0,0,0
1968,HND,0,0,0
1968,HUN,32,20,29
1968,IDN,0,0,0
1968,IND,0,0,16
1968,IRL,0,0,0
1968,IRN,2,1,2
1968,IRQ,0,0,0
1968,ISL,0,0,0
1968,ISR,0,0,0
1968,ITA,13,8,20
1968,JAM,0,1,0
1968,JPN,16,25,22
1968,KEN,3,7,2
1968,KOR,0,1,1
1968,KWT,0,0,0
1968,LBN,0,0,0
1968,LBY,0,0,0
1968,LIE,0,0,0
1968,LKA,0,0,0
1968,LUX,0,0,0
1968,MAR,0,0,0
1968,MCO,0,0,0
1968,MDG,0,0,0
1968,MEX,3,3,3
1968,MLI,0,0,0
1968,MLT,0,0,0
1968,MMR,0,0,0
1968,MNG,0,1,3
1968,MYS,0,0,0
1968,NER,0,0,0
1968,NGA,0,0,0
1968,NIC,0,0,0
1968,NLD,9,10,4
1968,NOR,15,11,2
1968,NZL,5,0,2
1968,PAK,13,0,0
1968,PAN,0,0,0
1968,PER,0,0,0
1968,PHL,0,0,0
1968,POL,5,2,30
1968,PRI,0,0,0
1968,PRT,0,0,0
1968,PRY,0,0,0
1968,ROU,5,9,11
1968,SDN,0,0,0
1968,SEN,0,0,0
1968,SGP,0,0,0
1968,SLE,0,0,0
1968,SLV,0,0,0
1968,SMR,0,0,0
1968,SUR,0,0,0
1968,SWE,7,11,7
1968,SYR,0,0,0
1968,TCD,0,0,0
1968,TCH,8,26,16
1968,THA,0,0,0
1968,TPE,0,0,1
1968,TTO,0,0,0
1968,TUN,1,0,1
1968,TUR,2,0,0
1968,TZA,0,0,0
1968,UGA,0,1,1
1968,URS,91,69,69
1968,URY,0,0,0
1968,USA,100,37,36
1968,VEN,1,0,0
1968,VIR,0,0,0
1968,VNM,0,0,0
1968,YUG,13,14,2
1968,ZMB,0,0,0
1972,AFG,0,0,0
1972,AHO,0,0,0
1972,ALB,0,0,0
1972,ARG,0,1,0
1972,AUS,11,7,2
1972,AUT,1,3,4
1972,BEL,0,2,0
1972,BEN,0,0,0
1972,BFA,0,0,0
1972,BGR,6,10,6
1972,BHS,0,0,0
1972,BLZ,0,0,0
1972,BMU,0,0,0
1972,BOL,0,0,0
1972,BRA,0,0,2
1972,BRB,0,0,0
1972,CAN,0,3,9
1972,CHE,7,11,7
1972,CHL,0,0,0
1972,CIV,0,0,0
1972,CMR,0,0,0
1972,COG,0,0,0
1972,COL,0,1,2
1972,CRI,0,0,0
1972,CUB,3,1,18
1972,DNK,1,0,0
1972,DOM,0,0,0
1972,DZA,0,0,0
1972,ECU,0,0,0
1972,EGY,0,0,0
1972,ESP,1,0,1
1972,ETH,0,0,2
1972,FIN,3,10,7
1972,FJI,0,0,0
1972,FRA,2,6,17
1972,FRG,48,21,43
1972,GAB,0,0,0
1972,GBR,8,9,12
1972,GDR,35,67,69
1972,GHA,0,0,1
1972,GRC,0,2,0
1972,GTM,0,0,0
1972,GUY,0,0,0
1972,HKG,0,0,0
1972,HTI,0,0,0
1972,HUN,10,46,25
1972,IDN,0,0,0
1972,IND,0,0,14
1972,IRL,0,0,0
1972,IRN,0,2,1
1972,ISL,0,0,0
1972,ISR,0,0,0
1972,ITA,12,8,14
1972,JAM,0,0,1
1972,JPN,30,20,9
1972,KEN,5,3,4
1972,KHM,0,0,0
1972,KOR,0,1,0
1972,KWT,0,0,0
1972,LBN,0,1,0
1972,LBR,0,0,0
1972,LIE,0,0,0
1972,LKA,0,0,0
1972,LSO,0,0,0
1972,LUX,0,0,0
1972,MAR,0,0,0
1972,MCO,0,0,0
1972,MDG,0,0,0
1972,MEX,0,1,0
1972,MLI,0,0,0
1972,MLT,0,0,0
1972,MMR,0,0,0
1972,MNG,0,1,0
1972,MWI,0,0,0
1972,MYS,0,0,0
1972,NER,0,0,1
1972,NGA,0,0,1
1972,NIC,0,0,0
1972,NLD,7,4,4
1972,NOR,4,10,11
1972,NPL,0,0,0
1972,NZL,9,4,1
1972,PAK,0,15,0
1972,PAN,0,0,0
1972,PER,0,0,0
1972,PHL,0,0,0
1972,POL,28,8,11
1972,PRI,0,0,0
1972,PRK,1,1,13
1972,PRT,0,0,0
1972,PRY,0,0,0
1972,ROU,3,10,27
1972,SAU,0,0,0
1972,SDN,0,0,0
1972,SEN,0,0,0
1972,SGP,0,0,0
1972,SLV,0,0,0
1972,SMR,0,0,0
1972,SOM,0,0,0
1972,SUR,0,0,0
1972,SWE,5,11,10
1972,SWZ,0,0,0
1972,SYR,0,0,0
1972,TCD,0,0,0
1972,TCH,3,21,25
1972,TGO,0,0,0
1972,THA,0,0,0
1972,TPE,0,0,0
1972,TTO,0,0,0
1972,TUN,0,1,0
1972,TUR,0,1,0
1972,TZA,0,0,0
1972,UGA,1,1,0
1972,URS,143,53,63
1972,URY,0,0,0
1972,USA,72,77,46
1972,VEN,0,0,0
1972,VIR,0,0,0
1972,VNM,0,0,0
1972,YUG,15,1,2
1972,ZMB,0,0,0
1976,AHO,0,0,0
1976,AND,0,0,0
1976,ARG,0,0,0
1976,ATG,0,0,0
1976,AUS,0,15,8
1976,AUT,2,2,4
1976,BEL,0,3,6
1976,BGR,8,13,18
1976,BHS,0,0,0
1976,BLZ,0,0,0
1976,BMU,0,0,1
1976,BOL,0,0,0
1976,BRA,0,0,3
1976,BRB,0,0,0
1976,CAN,1,10,15
1976,CHE,2,9,8
1976,CHL,0,0,0
1976,CIV,0,0,0
1976,CMR,0,0,0
1976,COL,0,0,0
1976,CRI,0,0,0
1976,CUB,6,4,14
1976,CYM,0,0,0
1976,DNK,3,0,5
1976,DOM,0,0,0
1976,ECU,0,0,0
1976,EGY,0,0,0
1976,ESP,0,6,0
1976,FIN,9,12,1
1976,FJI,0,0,0
1976,FRA,5,7,9
1976,FRG,23,32,55
1976,GBR,7,15,11
1976,GDR,114,57,56
1976,GRC,0,0,0
1976,GTM,0,0,0
1976,HKG,0,0,0
1976,HND,0,0,0
1976,HTI,0,0,0
1976,HUN,14,6,35
1976,IDN,0,0,0
1976,IND,0,0,0
1976,IRL,0,0,0
1976,IRN,0,1,1
1976,ISL,0,0,0
1976,ISR,0,0,0
1976,ITA,3,27,5
1976,JAM,1,1,0
1976,JPN,25,6,10
1976,KOR,1,1,15
1976,KWT,0,0,0
1976,LBN,0,0,0
1976,LIE,0,0,2
1976,LUX,0,0,0
1976,MAR,0,0,0
1976,MCO,0,0,0
1976,MEX,1,0,1
1976,MNG,0,1,0
1976,MYS,0,0,0
1976,NIC,0,0,0
1976,NLD,1,4,15
1976,NOR,5,10,1
1976,NPL,0,0,0
1976,NZL,15,1,9
1976,PAK,0,0,16
1976,PAN,0,0,0
1976,PER,0,0,0
1976,PHL,0,0,0
1976,PNG,0,0,0
1976,POL,18,29,26
1976,PRI,0,0,1
1976,PRK,1,1,0
1976,PRT,0,2,0
1976,PRY,0,0,0
1976,ROU,4,28,23
1976,SAU,0,0,0
1976,SEN,0,0,0
1976,SGP,0,0,0
1976,SMR,0,0,0
1976,SUR,0,0,0
1976,SWE,9,1,2
1976,TCH,2,23,9
1976,THA,0,0,1
1976,TPE,0,0,0
1976,TTO,1,0,0
1976,TUN,0,0,0
1976,TUR,0,0,0
1976,URS,152,102,88
1976,URY,0,0,0
1976,USA,73,61,41
1976,VEN,0,1,0
1976,VIR,0,0,0
1976,YUG,2,14,3
1980,AFG,0,0,0
1980,AGO,0,0,0
1980,AND,0,0,0
1980,ARG,0,0,0
1980,AUS,6,2,5
1980,AUT,4,5,4
1980,BEL,1,0,0
1980,BEN,0,0,0
1980,BGR,8,44,39
1980,BOL,0,0,0
1980,BRA,4,0,5
1980,BWA,0,0,0
1980,CAN,0,1,1
1980,CHE,4,4,3
1980,CHN,0,0,0
1980,CMR,0,0,0
1980,COG,0,0,0
1980,COL,0,0,0
1980,CRI,0,0,0
1980,CUB,8,7,5
1980,CYP,0,0,0
1980,DNK,4,2,2
1980,DOM,0,0,0
1980,DZA,0,0,0
1980,ECU,0,0,0
1980,ESP,2,19,3
1980,ETH,2,0,2
1980,FIN,4,6,11
1980,FRA,18,5,7
1980,FRG,0,2,6
1980,GBR,6,18,24
1980,GDR,131,99,73
1980,GIN,0,0,0
1980,GRC,1,0,4
1980,GTM,0,0,0
1980,GUY,0,0,1
1980,HUN,8,15,40
1980,IND,16,0,0
1980,IRL,0,2,1
1980,IRQ,0,0,0
1980,ISL,0,0,0
1980,ITA,8,24,8
1980,JAM,0,0,3
1980,JOR,0,0,0
1980,JPN,0,1,0
1980,KOR,0,0,0
1980,KWT,0,0,0
1980,LAO,0,0,0
1980,LBN,0,0,1
1980,LBY,0,0,0
1980,LIE,2,2,0
1980,LKA,0,0,0
1980,LSO,0,0,0
1980,LUX,0,0,0
1980,MDG,0,0,0
1980,MEX,0,1,9
1980,MLI,0,0,0
1980,MLT,0,0,0
1980,MMR,0,0,0
1980,MNG,0,2,2
1980,MOZ,0,0,0
1980,NGA,0,0,0
1980,NIC,0,0,0
1980,NLD,1,3,6
1980,NOR,1,5,9
1980,NPL,0,0,0
1980,NZL,0,0,0
1980,PER,0,0,0
1980,POL,3,25,22
1980,PRI,0,0,0
1980,PRK,0,3,2
1980,PRT,0,0,0
1980,ROU,7,15,46
1980,SEN,0,0,0
1980,SLE,0,0,0
1980,SMR,0,0,0
1980,SWE,6,8,29
1980,SYC,0,0,0
1980,SYR,0,0,0
1980,TCH,17,18,17
1980,TTO,0,0,0
1980,TZA,0,2,0
1980,UGA,0,1,0
1980,URS,205,158,133
1980,USA,24,4,2
1980,VEN,0,1,0
1980,VNM,0,0,0
1980,YUG,13,27,17
1980,ZMB,0,0,0
1980,ZWE,15,0,0
1984,AHO,0,0,0
1984,AND,0,0,0
1984,ARE,0,0,0
1984,ARG,0,0,0
1984,ATG,0,0,0
1984,AUS,7,14,31
1984,AUT,1,1,2
1984,BEL,1,2,2
1984,BEN,0,0,0
1984,BGD,0,0,0
1984,BGR,0,0,0
1984,BHS,0,0,0
1984,BLZ,0,0,0
1984,BMU,0,0,0
1984,BOL,0,0,0
1984,BRA,1,33,2
1984,BRB,0,0,0
1984,BRN,0,0,0
1984,BTN,0,0,0
1984,BWA,0,0,0
1984,CAF,0,0,0
1984,CAN,21,37,33
1984,CHE,2,11,8
1984,CHL,0,0,0
1984,CHN,24,13,37
1984,CIV,0,1,0
1984,CMR,0,0,1
1984,COD,0,0,0
1984,COG,0,0,0
1984,COL,0,1,0
1984,CRI,0,0,0
1984,CYM,0,0,0
1984,CYP,0,0,0
1984,DJI,0,0,0
1984,DNK,0,3,10
1984,DOM,0,0,1
1984,DZA,0,0,2
1984,ECU,0,0,0
1984,EGY,0,1,0
1984,ESP,2,14,3
1984,FIN,8,5,18
1984,FJI,0,0,0
1984,FRA,20,17,33
1984,FRG,33,76,57
1984,GAB,0,0,0
1984,GBR,11,20,42
1984,GDR,13,13,7
1984,GHA,0,0,0
1984,GIN,0,0,0
1984,GMB,0,0,0
1984,GNQ,0,0,0
1984,GRC,0,1,1
1984,GRD,0,0,0
1984,GTM,0,0,0
1984,GUY,0,0,0
1984,HKG,0,0,0
1984,HND,0,0,0
1984,HTI,0,0,0
1984,HUN,0,0,0
1984,IDN,0,0,0
1984,IND,0,0,0
1984,IRL,0,1,0
1984,IRQ,0,0,0
1984,ISL,0,0,1
1984,ISR,0,0,0
1984,ITA,31,6,28
1984,JAM,0,5,2
1984,JOR,0,0,0
1984,JPN,10,9,31
1984,KEN,1,0,2
1984,KOR,6,28,7
1984,KWT,0,0,0
1984,LBN,0,0,0
1984,LBR,0,0,0
1984,LIE,0,0,2
1984,LKA,0,0,0
1984,LSO,0,0,0
1984,LUX,0,0,0
1984,MAR,2,0,0
1984,MCO,0,0,0
1984,MDG,0,0,0
1984,MEX,2,3,1
1984,MLI,0,0,0
1984,MLT,0,0,0
1984,MMR,0,0,0
1984,MNG,0,0,0
1984,MOZ,0,0,0
1984,MRT,0,0,0
1984,MUS,0,0,0
1984,MWI,0,0,0
1984,MYS,0,0,0
1984,NER,0,0,0
1984,NGA,0,1,4
1984,NIC,0,0,0
1984,NLD,20,7,14
1984,NOR,6,6,7
1984,NPL,0,0,0
1984,NZL,16,1,6
1984,OMN,0,0,0
1984,PAK,16,0,0
1984,PAN,0,0,0
1984,PER,0,1,0
1984,PHL,0,0,0
1984,PNG,0,0,0
1984,POL,0,0,0
1984,PRI,0,1,1
1984,PRK,0,0,0
1984,PRT,1,0,2
1984,PRY,0,0,0
1984,QAT,0,0,0
1984,ROU,40,31,35
1984,RWA,0,0,0
1984,SAU,0,0,0
1984,SDN,0,0,0
1984,SEN,0,0,0
1984,SGP,0,0,0
1984,SLB,0,0,0
1984,SLE,0,0,0
1984,SLV,0,0,0
1984,SMR,0,0,0
1984,SOM,0,0,0
1984,SUR,0,0,0
1984,SWE,10,20,34
1984,SWZ,0,0,0
1984,SYC,0,0,0
1984,SYR,0,1,0
1984,TCD,0,0,0
1984,TCH,0,24,4
1984,TGO,0,0,0
1984,THA,0,1,0
1984,TON,0,0,0
1984,TPE,0,0,1
1984,TTO,0,0,0
1984,TUN,0,0,0
1984,TUR,0,0,3
1984,TZA,0,0,0
1984,UGA,0,0,0
1984,URS,29,15,12
1984,URY,0,0,0
1984,USA,190,121,50
1984,VEN,0,0,3
1984,VGB,0,0,0
1984,VIR,0,0,0
1984,WSM,0,0,0
1984,YAR,0,0,0
1984,YUG,47,6,35
1984,ZMB,0,0,1
1984,ZWE,0,0,0
1988,ABW,0,0,0
1988,AFG,0,0,0
1988,AGO,0,0,0
1988,AHO,0,1,0
1988,AND,0,0,0
1988,ARE,0,0,0
1988,ARG,0,1,12
1988,ASM,0,0,0
1988,ATG,0,0,0
1988,AUS,18,6,11
1988,AUT,4,5,4
1988,BEL,0,0,2
1988,BEN,0,0,0
1988,BFA,0,0,0
1988,BGD,0,0,0
1988,BGR,10,14,17
1988,BHS,0,0,0
1988,BLZ,0,0,0
1988,BMU,0,0,0
1988,BOL,0,0,0
1988,BRA,1,17,5
1988,BRB,0,0,0
1988,BRN,0,0,0
1988,BTN,0,0,0
1988,BWA,0,0,0
1988,CAF,0,0,0
1988,CAN,4,7,18
1988,CHE,8,13,7
1988,CHL,0,1,0
1988,CHN,6,16,30
1988,CIV,0,0,0
1988,CMR,0,0,0
1988,COD,0,0,0
1988,COG,0,0,0
1988,COK,0,0,0
1988,COL,0,0,1
1988,CRI,0,1,0
1988,CYM,0,0,0
1988,CYP,0,0,0
1988,DJI,0,0,1
1988,DNK,3,1,3
1988,DOM,0,0,0
1988,DZA,0,0,0
1988,ECU,0,0,0
1988,EGY,0,0,0
1988,ESP,1,2,2
1988,FIN,8,23,7
1988,FJI,0,0,0
1988,FRA,13,4,14
1988,FRG,36,44,49
1988,GAB,0,0,0
1988,GBR,22,17,15
1988,GDR,89,69,55
1988,GHA,0,0,0
1988,GIN,0,0,0
1988,GMB,0,0,0
1988,GNQ,0,0,0
1988,GRC,0,0,1
1988,GRD,0,0,0
1988,GTM,0,0,0
1988,GUM,0,0,0
1988,GUY,0,0,0
1988,HKG,0,0,0
1988,HND,0,0,0
1988,HTI,0,0,0
1988,HUN,20,9,15
1988,IDN,0,3,0
1988,IND,0,0,0
1988,IRL,0,0,0
1988,IRN,0,1,0
1988,IRQ,0,0,0
1988,ISL,0,0,0
1988,ISR,0,0,0
1988,ITA,13,11,13
1988,JAM,0,7,0
1988,JOR,0,0,0
1988,JPN,4,3,14
1988,KEN,5,2,2
1988,KOR,28,37,12
1988,KWT,0,0,0
1988,LAO,0,0,0
1988,LBN,0,0,0
1988,LBR,0,0,0
1988,LBY,0,0,0
1988,LIE,0,0,1
1988,LKA,0,0,0
1988,LSO,0,0,0
1988,LUX,0,0,0
1988,MAR,1,0,2
1988,MCO,0,0,0
1988,MDV,0,0,0
1988,MEX,0,0,2
1988,MLI,0,0,0
1988,MLT,0,0,0
1988,MMR,0,0,0
1988,MNG,0,0,1
1988,MOZ,0,0,0
1988,MRT,0,0,0
1988,MUS,0,0,0
1988,MWI,0,0,0
1988,MYS,0,0,0
1988,NER,0,0,0
1988,NGA,0,0,0
1988,NLD,6,8,38
1988,NOR,2,26,5
1988,NPL,0,0,0
1988,NZL,4,4,16
1988,OMN,0,0,0
1988,PAK,0,0,1
1988,PAN,0,0,0
1988,PER,0,12,0
1988,PHL,0,0,1
1988,PNG,0,0,0
1988,POL,2,9,10
1988,PRI,0,0,0
1988,PRK,0,0,0
1988,PRT,1,0,0
1988,PRY,0,0,0
1988,QAT,0,0,0
1988,ROU,8,34,16
1988,RWA,0,0,0
1988,SAU,0,0,0
1988,SDN,0,0,0
1988,SEN,0,1,0
1988,SGP,0,0,0
1988,SLB,0,0,0
1988,SLE,0,0,0
1988,SLV,0,0,0
1988,SMR,0,0,0
1988,SOM,0,0,0
1988,SUR,1,0,0
1988,SWE,7,5,34
1988,SWZ,0,0,0
1988,SYR,0,0,0
1988,TCD,0,0,0
1988,TCH,3,5,8
1988,TGO,0,0,0
1988,THA,0,0,1
1988,TON,0,0,0
1988,TPE,0,0,0
1988,TTO,0,0,0
1988,TUN,0,0,0
1988,TUR,1,1,0
1988,TZA,0,0,0
1988,UGA,0,0,0
1988,URS,174,81,111
1988,URY,0,0,0
1988,USA,89,67,58
1988,VCT,0,0,0
1988,VEN,0,0,0
1988,VGB,0,0,0
1988,VIR,0,1,0
1988,VNM,0,0,0
1988,VUT,0,0,0
1988,WSM,0,0,0
1988,YAR,0,0,0
1988,YMD,0,0,0
1988,YUG,15,32,22
1988,ZMB,0,0,0
1988,ZWE,0,0,0
1992,ABW,0,0,0
1992,AGO,0,0,0
1992,AHO,0,0,0
1992,ALB,0,0,0
1992,AND,0,0,0
1992,ARE,0,0,0
1992,ARG,0,0,2
1992,ASM,0,0,0
1992,ATG,0,0,0
1992,AUS,14,27,16
1992,AUT,9,16,10
1992,BEL,0,1,2
1992,BEN,0,0,0
1992,BFA,0,0,0
1992,BGD,0,0,0
1992,BGR,3,7,7
1992,BHS,0,0,1
1992,BIH,0,0,0
1992,BLZ,0,0,0
1992,BMU,0,0,0
1992,BOL,0,0,0
1992,BRA,13,1,0
1992,BRB,0,0,0
1992,BRN,0,0,0
1992,BTN,0,0,0
1992,BWA,0,0,0
1992,CAF,0,0,0
1992,CAN,32,33,15
1992,CHE,3,0,5
1992,CHL,0,0,0
1992,CHN,18,48,19
1992,CIV,0,0,0
1992,CMR,0,0,0
1992,COD,0,0,0
1992,COG,0,0,0
1992,COK,0,0,0
1992,COL,0,0,1
1992,CRI,0,0,0
1992,CUB,42,13,14
1992,CYM,0,0,0
1992,CYP,0,0,0
1992,DEU,95,74,67
1992,DJI,0,0,0
1992,DNK,3,2,9
1992,DOM,0,0,0
1992,DZA,1,0,1
1992,ECU,0,0,0
1992,EGY,0,0,0
1992,ESP,48,19,3
1992,EST,1,0,2
1992,ETH,1,0,2
1992,EUN,127,71,81
1992,FIN,7,5,8
1992,FJI,0,0,0
1992,FRA,14,11,44
1992,GAB,0,0,0
1992,GBR,8,3,39
1992,GHA,0,0,20
1992,GIN,0,0,0
1992,GMB,0,0,0
1992,GNQ,0,0,0
1992,GRC,2,0,0
1992,GRD,0,0,0
1992,GTM,0,0,0
1992,GUM,0,0,0
1992,GUY,0,0,0
1992,HKG,0,0,0
1992,HND,0,0,0
1992,HRV,0,12,3
1992,HTI,0,0,0
1992,HUN,14,23,8
1992,IDN,2,3,1
1992,IND,0,0,0
1992,IOA,0,1,2
1992,IRL,1,1,0
1992,IRN,0,1,2
1992,IRQ,0,0,0
1992,ISL,0,0,0
1992,ISR,0,1,1
1992,ITA,25,19,22
1992,JAM,0,3,1
1992,JOR,0,0,0
1992,JPN,6,10,43
1992,KEN,2,4,2
1992,KOR,33,6,17
1992,KWT,0,0,0
1992,LAO,0,0,0
1992,LBN,0,0,0
1992,LBY,0,0,0
1992,LIE,0,0,0
1992,LKA,0,0,0
1992,LSO,0,0,0
1992,LTU,1,0,12
1992,LUX,0,2,0
1992,LVA,0,2,1
1992,MAR,1,1,1
1992,MCO,0,0,0
1992,MDG,0,0,0
1992,MDV,0,0,0
1992,MEX,0,1,0
1992,MLI,0,0,0
1992,MLT,0,0,0
1992,MMR,0,0,0
1992,MNG,0,0,2
1992,MOZ,0,0,0
1992,MRT,0,0,0
1992,MUS,0,0,0
1992,MWI,0,0,0
1992,MYS,0,0,2
1992,NAM,0,2,0
1992,NER,0,0,0
1992,NGA,0,7,4
1992,NIC,0,0,0
1992,NLD,6,21,10
1992,NOR,11,30,6
1992,NPL,0,0,0
1992,NZL,1,10,5
1992,OMN,0,0,0
1992,PAK,0,0,16
1992,PAN,0,0,0
1992,PER,0,1,0
1992,PHL,0,0,1
1992,PNG,0,0,0
1992,POL,5,22,19
1992,PRI,0,0,1
1992,PRK,4,0,7
1992,PRT,0,0,0
1992,PRY,0,0,0
1992,QAT,0,0,1
1992,ROU,8,31,14
1992,RWA,0,0,0
1992,SAU,0,0,0
1992,SDN,0,0,0
1992,SEN,0,0,0
1992,SGP,0,0,0
1992,SLB,0,0,0
1992,SLE,0,0,0
1992,SLV,0,0,0
1992,SMR,0,0,0
1992,SUR,0,0,1
1992,SVN,0,0,6
1992,SWE,2,27,13
1992,SWZ,0,0,0
1992,SYC,0,0,0
1992,SYR,0,0,0
1992,TCD,0,0,0
1992,TCH,4,3,28
1992,TGO,0,0,0
1992,THA,0,0,1
1992,TON,0,0,0
1992,TPE,0,20,0
1992,TTO,0,0,0
1992,TUN,0,0,0
1992,TUR,2,2,2
1992,TZA,0,0,0
1992,UGA,0,0,0
1992,URY,0,0,0
1992,USA,94,57,87
1992,VCT,0,0,0
1992,VEN,0,0,0
1992,VGB,0,0,0
1992,VIR,0,0,0
1992,VNM,0,0,0
1992,VUT,0,0,0
1992,WSM,0,0,0
1992,YEM,0,0,0
1992,YUG,0,0,0
1992,ZAF,0,3,0
1992,ZMB,0,0,0
1992,ZWE,0,0,0
1994,AND,0,0,0
1994,ARG,0,0,0
1994,ARM,0,0,0
1994,ASM,0,0,0
1994,AUS,0,0,4
1994,AUT,2,3,7
1994,BEL,0,0,0
1994,BGR,0,0,0
1994,BIH,0,0,0
1994,BLR,0,2,0
1994,BMU,0,0,0
1994,BRA,0,0,0
1994,CAN,3,29,5
1994,CHE,4,8,4
1994,CHL,0,0,0
1994,CHN,0,1,2
1994,CYP,0,0,0
1994,CZE,0,0,0
1994,DEU,18,10,12
1994,DNK,0,0,0
1994,ESP,0,0,0
1994,EST,0,0,0
1994,FIN,0,1,29
1994,FJI,0,0,0
1994,FRA,0,1,10
1994,GBR,0,0,3
1994,GEO,0,0,0
1994,GRC,0,0,0
1994,HRV,0,0,0
1994,HUN,0,0,0
1994,ISL,0,0,0
1994,ISR,0,0,0
1994,ITA,14,6,12
1994,JAM,0,0,0
1994,JPN,3,5,2
1994,KAZ,1,2,0
1994,KGZ,0,0,0
1994,KOR,7,1,1
1994,LIE,0,0,0
1994,LTU,0,0,0
1994,LUX,0,0,0
1994,LVA,0,0,0
1994,MCO,0,0,0
1994,MDA,0,0,0
1994,MEX,0,0,0
1994,MNG,0,0,0
1994,NLD,0,1,3
1994,NOR,8,17,5
1994,NZL,0,0,0
1994,POL,0,0,0
1994,PRI,0,0,0
1994,PRT,0,0,0
1994,ROU,0,0,0
1994,RUS,19,13,4
1994,SEN,0,0,0
1994,SMR,0,0,0
1994,SVK,0,0,0
1994,SVN,0,0,3
1994,SWE,23,1,0
1994,TPE,0,0,0
1994,TTO,0,0,0
1994,TUR,0,0,0
1994,UKR,1,0,1
1994,USA,6,8,5
1994,UZB,1,0,0
1994,VIR,0,0,0
1994,ZAF,0,0,0
1996,ABW,0,0,0
1996,AFG,0,0,0
1996,AGO,0,0,0
1996,AHO,0,0,0
1996,ALB,0,0,0
1996,AND,0,0,0
1996,ARE,0,0,0
1996,ARG,0,19,1
1996,ARM,1,1,0
1996,ASM,0,0,0
1996,ATG,0,0,0
1996,AUS,32,16,84
1996,AUT,0,1,2
1996,AZE,0,1,0
1996,BDI,1,0,0
1996,BEL,2,2,2
1996,BEN,0,0,0
1996,BFA,0,0,0
1996,BGD,0,0,0
1996,BGR,3,12,6
1996,BHS,0,5,0
1996,BIH,0,0,0
1996,BLR,1,6,16
1996,BLZ,0,0,0
1996,BMU,0,0,0
1996,BOL,0,0,0
1996,BRA,5,15,43
1996,BRB,0,0,0
1996,BRN,0,0,0
1996,BTN,0,0,0
1996,BWA,0,0,0
1996,CAF,0,0,0
1996,CAN,8,30,12
1996,CHE,5,6,0
1996,CHL,0,0,0
1996,CHN,19,70,17
1996,CIV,0,0,0
1996,CMR,0,0,0
1996,COD,0,0,0
1996,COG,0,0,0
1996,COK,0,0,0
1996,COL,0,0,0
1996,COM,0,0,0
1996,CPV,0,0,0
1996,CRI,1,0,0
1996,CUB,37,8,10
1996,CYM,0,0,0
1996,CYP,0,0,0
1996,CZE,4,5,4
1996,DEU,42,35,47
1996,DJI,0,0,0
1996,DMA,0,0,0
1996,DNK,21,1,1
1996,DOM,0,0,0
1996,DZA,2,0,1
1996,ECU,1,0,0
1996,EGY,0,0,0
1996,ESP,23,21,22
1996,EST,0,0,0
1996,ETH,2,0,1
1996,FIN,1,2,1
1996,FJI,0,0,0
1996,FRA,21,10,20
1996,GAB,0,0,0
1996,GBR,2,15,9
1996,GEO,0,0,2
1996,GHA,0,0,0
1996,GIN,0,0,0
1996,GMB,0,0,0
1996,GNB,0,0,0
1996,GNQ,0,0,0
1996,GRC,4,4,0
1996,GRD,0,0,0
1996,GTM,0,0,0
1996,GUM,0,0,0
1996,GUY,0,0,0
1996,HKG,1,0,0
1996,HND,0,0,0
1996,HRV,16,12,0
1996,HTI,0,0,0
1996,HUN,8,9,26
1996,IDN,2,1,3
1996,IND,0,0,1
1996,IRL,3,0,1
1996,IRN,1,1,1
1996,IRQ,0,0,0
1996,ISL,0,0,0
1996,ISR,0,0,1
1996,ITA,19,24,28
1996,JAM,1,3,12
1996,JOR,0,0,0
1996,JPN,3,26,13
1996,KAZ,3,4,4
1996,KEN,1,4,3
1996,KGZ,0,0,0
1996,KHM,0,0,0
1996,KNA,0,0,0
1996,KOR,10,49,7
1996,KWT,0,0,0
1996,LAO,0,0,0
1996,LBN,0,0,0
1996,LBR,0,0,0
1996,LBY,0,0,0
1996,LCA,0,0,0
1996,LIE,0,0,0
1996,LKA,0,0,0
1996,LSO,0,0,0
1996,LTU,0,0,11
1996,LUX,0,0,0
1996,LVA,0,1,0
1996,MAR,0,0,2
1996,MCO,0,0,0
1996,MDA,0,2,1
1996,MDG,0,0,0
1996,MDV,0,0,0
1996,MEX,0,0,1
1996,MKD,0,0,0
1996,MLI,0,0,0
1996,MLT,0,0,0
1996,MMR,0,0,0
1996,MNG,0,0,1
1996,MOZ,0,0,1
1996,MRT,0,0,0
1996,MUS,0,0,0
1996,MWI,0,0,0
1996,MYS,0,2,1
1996,NAM,0,2,0
1996,NER,0,0,0
1996,NGA,17,4,3
1996,NIC,0,0,0
1996,NLD,38,9,26
1996,NOR,2,3,18
1996,NPL,0,0,0
1996,NRU,0,0,0
1996,NZL,3,2,4
1996,OMN,0,0,0
1996,PAK,0,0,0
1996,PAN,0,0,0
1996,PER,0,0,0
1996,PHL,0,1,0
1996,PLE,0,0,0
1996,PNG,0,0,0
1996,POL,7,8,7
1996,PRI,0,0,1
1996,PRK,2,1,2
1996,PRT,1,0,2
1996,PRY,0,0,0
1996,QAT,0,0,0
1996,ROU,13,10,15
1996,RUS,36,45,34
1996,RWA,0,0,0
1996,SAU,0,0,0
1996,SCG,1,12,13
1996,SDN,0,0,0
1996,SEN,0,0,0
1996,SGP,0,0,0
1996,SLB,0,0,0
1996,SLE,0,0,0
1996,SLV,0,0,0
1996,SMR,0,0,0
1996,SOM,0,0,0
1996,STP,0,0,0
1996,SUR,0,0,0
1996,SVK,1,1,1
1996,SVN,0,2,0
1996,SWE,3,23,5
1996,SWZ,0,0,0
1996,SYC,0,0,0
1996,SYR,1,0,0
1996,TCD,0,0,0
1996,TGO,0,0,0
1996,THA,1,0,1
1996,TJK,0,0,0
1996,TKM,0,0,0
1996,TON,0,1,0
1996,TPE,0,1,0
1996,TTO,0,0,2
1996,TUN,0,0,1
1996,TUR,4,1,1
1996,TZA,0,0,0
1996,UGA,0,0,1
1996,UKR,10,5,19
1996,URY,0,0,0
1996,USA,159,48,52
1996,UZB,0,1,1
1996,VCT,0,0,0
1996,VEN,0,0,0
1996,VGB,0,0,0
1996,VIR,0,0,0
1996,VNM,0,0,0
1996,VUT,0,0,0
1996,WSM,0,0,0
1996,YEM,0,0,0
1996,ZAF,3,1,1
1996,ZMB,0,1,0
1996,ZWE,0,0,0
1998,AND,0,0,0
1998,ARG,0,0,0
1998,ARM,0,0,0
1998,AUS,0,0,1
1998,AUT,3,5,12
1998,AZE,0,0,0
1998,BEL,0,0,1
1998,BGR,1,0,0
1998,BIH,0,0,0
1998,BLR,0,0,2
1998,BMU,0,0,0
1998,BRA,0,0,0
1998,CAN,14,28,7
1998,CHE,6,5,3
1998,CHL,0,0,0
1998,CHN,0,9,5
1998,CYP,0,0,0
1998,CZE,21,1,1
1998,DEU,22,12,10
1998,DNK,0,5,0
1998,ESP,0,0,0
1998,EST,0,0,0
1998,FIN,2,7,49
1998,FRA,2,1,12
1998,GBR,0,0,4
1998,GEO,0,0,0
1998,GRC,0,0,0
1998,HRV,0,0,0
1998,HUN,0,0,0
1998,IND,0,0,0
1998,IRL,0,0,0
1998,IRN,0,0,0
1998,ISL,0,0,0
1998,ISR,0,0,0
1998,ITA,3,9,5
1998,JAM,0,0,0
1998,JPN,8,1,4
1998,KAZ,0,0,2
1998,KEN,0,0,0
1998,KGZ,0,0,0
1998,KOR,6,4,2
1998,LIE,0,0,0
1998,LTU,0,0,0
1998,LUX,0,0,0
1998,LVA,0,0,0
1998,MCO,0,0,0
1998,MDA,0,0,0
1998,MKD,0,0,0
1998,MNG,0,0,0
1998,NLD,5,4,2
1998,NOR,13,15,12
1998,NZL,0,0,0
1998,POL,0,0,0
1998,PRI,0,0,0
1998,PRK,0,0,0
1998,PRT,0,0,0
1998,ROU,0,0,0
1998,RUS,14,32,6
1998,SCG,0,0,0
1998,SVK,0,0,0
1998,SVN,0,0,0
1998,SWE,0,2,5
1998,TPE,0,0,0
1998,TTO,0,0,0
1998,TUR,0,0,0
1998,UKR,0,1,0
1998,URY,0,0,0
1998,USA,25,4,5
1998,UZB,0,0,0
1998,VEN,0,0,0
1998,VIR,0,0,0
1998,ZAF,0,0,0
2000,ABW,0,0,0
2000,AGO,0,0,0
2000,AHO,0,0,0
2000,ALB,0,0,0
2000,AND,0,0,0
2000,ARE,0,0,0
2000,ARG,0,17,3
2000,ARM,0,0,1
2000,ASM,0,0,0
2000,ATG,0,0,0
2000,AUS,60,69,54
2000,AUT,3,1,0
2000,AZE,2,0,1
2000,BDI,0,0,0
2000,BEL,0,3,4
2000,BEN,0,0,0
2000,BFA,0,0,0
2000,BGD,0,0,0
2000,BGR,5,6,2
2000,BHS,6,0,5
2000,BIH,0,0,0
2000,BLR,3,8,11
2000,BLZ,0,0,0
2000,BMU,0,0,0
2000,BOL,0,0,0
2000,BRA,0,12,36
2000,BRB,0,0,1
2000,BRN,0,0,0
2000,BTN,0,0,0
2000,BWA,0,0,0
2000,CAF,0,0,0
2000,CAN,4,4,23
2000,CHE,1,11,2
2000,CHL,0,0,17
2000,CHN,39,23,17
2000,CIV,0,0,0
2000,CMR,18,0,0
2000,COD,0,0,0
2000,COG,0,0,0
2000,COK,0,0,0
2000,COL,1,0,0
2000,COM,0,0,0
2000,CPV,0,0,0
2000,CRI,0,0,2
2000,CUB,18,35,12
2000,CYM,0,0,0
2000,CYP,0,0,0
2000,CZE,2,3,4
2000,DEU,31,23,64
2000,DJI,0,0,0
2000,DMA,0,0,0
2000,DNK,18,3,4
2000,DOM,0,0,0
2000,DZA,1,1,3
2000,ECU,0,0,0
2000,EGY,0,0,0
2000,ERI,0,0,0
2000,ESP,3,19,20
2000,EST,1,0,2
2000,ETH,4,1,3
2000,FIN,3,1,1
2000,FJI,0,0,0
2000,FRA,22,30,14
2000,FSM,0,0,0
2000,GAB,0,0,0
2000,GBR,22,20,12
2000,GEO,0,0,6
2000,GHA,0,0,0
2000,GIN,0,0,0
2000,GMB,0,0,0
2000,GNB,0,0,0
2000,GNQ,0,0,0
2000,GRC,4,6,8
2000,GRD,0,0,0
2000,GTM,0,0,0
2000,GUM,0,0,0
2000,GUY,0,0,0
2000,HKG,0,0,0
2000,HND,0,0,0
2000,HRV,1,0,9
2000,HTI,0,0,0
2000,HUN,25,24,4
2000,IDN,2,4,2
2000,IND,0,0,1
2000,IOA,0,0,0
2000,IRL,0,1,0
2000,IRN,3,0,1
2000,IRQ,0,0,0
2000,ISL,0,0,1
2000,ISR,0,0,1
2000,ITA,22,14,29
2000,JAM,0,20,3
2000,JOR,0,0,0
2000,JPN,5,31,8
2000,KAZ,3,4,0
2000,KEN,2,3,2
2000,KGZ,0,0,1
2000,KHM,0,0,0
2000,KNA,0,0,0
2000,KOR,12,26,35
2000,KWT,0,0,1
2000,LAO,0,0,0
2000,LBN,0,0,0
2000,LBR,0,0,0
2000,LBY,0,0,0
2000,LCA,0,0,0
2000,LIE,0,0,0
2000,LKA,0,1,0
2000,LSO,0,0,0
2000,LTU,2,0,15
2000,LUX,0,0,0
2000,LVA,1,1,1
2000,MAR,0,1,4
2000,MCO,0,0,0
2000,MDA,0,1,1
2000,MDG,0,0,0
2000,MDV,0,0,0
2000,MEX,1,2,3
2000,MKD,0,0,1
2000,MLI,0,0,0
2000,MLT,0,0,0
2000,MMR,0,0,0
2000,MNG,0,0,0
2000,MOZ,1,0,0
2000,MRT,0,0,0
2000,MUS,0,0,0
2000,MWI,0,0,0
2000,MYS,0,0,0
2000,NAM,0,0,0
2000,NER,0,0,0
2000,NGA,6,2,0
2000,NIC,0,0,0
2000,NLD,27,29,23
2000,NOR,20,4,19
2000,NPL,0,0,0
2000,NRU,0,0,0
2000,NZL,1,0,3
2000,OMN,0,0,0
2000,PAK,0,0,0
2000,PAN,0,0,0
2000,PER,0,0,0
2000,PHL,0,0,0
2000,PLE,0,0,0
2000,PLW,0,0,0
2000,PNG,0,0,0
2000,POL,7,10,7
2000,PRI,0,0,0
2000,PRK,0,1,3
2000,PRT,0,0,2
2000,PRY,0,0,0
2000,QAT,0,0,1
2000,ROU,27,6,13
2000,RUS,66,67,54
2000,RWA,0,0,0
2000,SAU,0,1,1
2000,SCG,11,1,13
2000,SDN,0,0,0
2000,SEN,0,0,0
2000,SGP,0,0,0
2000,SLB,0,0,0
2000,SLE,0,0,0
2000,SLV,0,0,0
2000,SMR,0,0,0
2000,SOM,0,0,0
2000,STP,0,0,0
2000,SUR,0,0,0
2000,SVK,2,3,1
2000,SVN,3,0,0
2000,SWE,4,20,8
2000,SWZ,0,0,0
2000,SYC,0,0,0
2000,SYR,0,0,0
2000,TCD,0,0,0
2000,TGO,0,0,0
2000,THA,1,0,2
2000,TJK,0,0,0
2000,TKM,0,0,0
2000,TON,0,0,0
2000,TPE,0,1,4
2000,TTO,0,1,1
2000,TUN,0,0,0
2000,TUR,3,0,2
2000,TZA,0,0,0
2000,UGA,0,0,0
2000,UKR,3,20,12
2000,URY,0,1,0
2000,USA,130,61,51
2000,UZB,1,1,2
2000,VCT,0,0,0
2000,VEN,0,0,0
2000,VGB,0,0,0
2000,VIR,0,0,0
2000,VNM,0,1,0
2000,VUT,0,0,0
2000,WSM,0,0,0
2000,YEM,0,0,0
2000,ZAF,0,2,3
2000,ZMB,0,0,0
2000,ZWE,0,0,0
2002,AND,0,0,0
2002,ARG,0,0,0
2002,ARM,0,0,0
2002,AUS,2,0,0
2002,AUT,3,4,13
2002,AZE,0,0,0
2002,BEL,0,0,0
2002,BGR,0,1,2
2002,BIH,0,0,0
2002,BLR,0,0,1
2002,BMU,0,0,0
2002,BRA,0,0,0
2002,CAN,52,7,15
2002,CHE,3,7,14
2002,CHL,0,0,0
2002,CHN,2,5,9
2002,CMR,0,0,0
2002,CRI,0,0,0
2002,CYP,0,0,0
2002,CZE,1,2,0
2002,DEU,26,23,12
2002,DNK,0,0,0
2002,ESP,0,0,0
2002,EST,1,1,1
2002,FIN,7,5,1
2002,FJI,0,0,0
2002,FRA,5,5,5
2002,GBR,5,0,1
2002,GEO,0,0,0
2002,GRC,0,0,0
2002,HKG,0,0,0
2002,HRV,3,1,0
2002,HUN,0,0,0
2002,IND,0,0,0
2002,IRL,0,0,0
2002,IRN,0,0,0
2002,ISL,0,0,0
2002,ISR,0,0,0
2002,ITA,4,11,6
2002,JAM,0,0,0
2002,JPN,0,1,1
2002,KAZ,0,0,0
2002,KEN,0,0,0
2002,KGZ,0,0,0
2002,KOR,5,2,0
2002,LBN,0,0,0
2002,LIE,0,0,0
2002,LTU,0,0,0
2002,LVA,0,0,0
2002,MCO,0,0,0
2002,MDA,0,0,0
2002,MEX,0,0,0
2002,MKD,0,0,0
2002,MNG,0,0,0
2002,NLD,3,5,0
2002,NOR,23,11,7
2002,NPL,0,0,0
2002,NZL,0,0,0
2002,POL,0,1,1
2002,ROU,0,0,0
2002,RUS,6,5,27
2002,SCG,0,0,0
2002,SMR,0,0,0
2002,SVK,0,0,0
2002,SVN,0,0,4
2002,SWE,0,2,24
2002,THA,0,0,0
2002,TJK,0,0,0
2002,TPE,0,0,0
2002,TTO,0,0,0
2002,TUR,0,0,0
2002,UKR,0,0,0
2002,USA,11,58,15
2002,UZB,0,0,0
2002,VEN,0,0,0
2002,VIR,0,0,0
2002,ZAF,0,0,0
2004,ABW,0,0,0
2004,AFG,0,0,0
2004,AGO,0,0,0
2004,AHO,0,0,0
2004,ALB,0,0,0
2004,AND,0,0,0
2004,ARE,1,0,0
2004,ARG,28,0,21
2004,ARM,0,0,0
2004,ASM,0,0,0
2004,ATG,0,0,0
2004,AUS,49,77,31
2004,AUT,3,4,1
2004,AZE,1,0,4
2004,BDI,0,0,0
2004,BEL,1,0,2
2004,BEN,0,0,0
2004,BFA,0,0,0
2004,BGD,0,0,0
2004,BGR,2,1,14
2004,BHS,1,0,1
2004,BIH,0,0,0
2004,BLR,2,5,8
2004,BLZ,0,0,0
2004,BMU,0,0,0
2004,BOL,0,0,0
2004,BRA,18,19,3
2004,BRB,0,0,0
2004,BRN,0,0,0
2004,BTN,0,0,0
2004,BWA,0,0,0
2004,CAF,0,0,0
2004,CAN,3,10,4
2004,CHE,1,2,4
2004,CHL,3,0,1
2004,CHN,52,27,15
2004,CIV,0,0,0
2004,CMR,1,0,0
2004,COD,0,0,0
2004,COG,0,0,0
2004,COK,0,0,0
2004,COL,0,0,2
2004,COM,0,0,0
2004,CPV,0,0,0
2004,CRI,0,0,0
2004,CUB,32,8,22
2004,CYM,0,0,0
2004,CYP,0,0,0
2004,CZE,1,6,6
2004,DEU,41,45,63
2004,DMA,0,0,0
2004,DNK,19,1,9
2004,DOM,1,0,0
2004,DZA,0,0,0
2004,ECU,0,0,0
2004,EGY,1,1,3
2004,ERI,0,0,1
2004,ESP,4,17,9
2004,EST,0,1,2
2004,ETH,2,3,2
2004,FIN,0,2,0
2004,FJI,0,0,0
2004,FRA,21,10,22
2004,FSM,0,0,0
2004,GAB,0,0,0
2004,GBR,17,25,15
2004,GEO,2,2,0
2004,GHA,0,0,0
2004,GIN,0,0,0
2004,GMB,0,0,0
2004,GNB,0,0,0
2004,GNQ,0,0,0
2004,GRC,8,18,5
2004,GRD,0,0,0
2004,GTM,0,0,0
2004,GUM,0,0,0
2004,GUY,0,0,0
2004,HKG,0,2,0
2004,HND,0,0,0
2004,HRV,15,3,3
2004,HTI,0,0,0
2004,HUN,24,12,4
2004,IDN,1,1,3
2004,IND,0,1,0
2004,IRL,0,0,0
2004,IRN,2,2,2
2004,IRQ,0,0,0
2004,ISL,0,0,0
2004,ISR,1,0,1
2004,ITA,24,41,39
2004,JAM,6,1,6
2004,JOR,0,0,0
2004,JPN,21,20,52
2004,KAZ,1,4,3
2004,KEN,1,4,2
2004,KGZ,0,0,0
2004,KHM,0,0,0
2004,KIR,0,0,0
2004,KNA,0,0,0
2004,KOR,14,28,10
2004,KWT,0,0,0
2004,LAO,0,0,0
2004,LBN,0,0,0
2004,LBR,0,0,0
2004,LBY,0,0,0
2004,LCA,0,0,0
2004,LIE,0,0,0
2004,LKA,0,0,0
2004,LSO,0,0,0
2004,LTU,1,2,0
2004,LUX,0,0,0
2004,LVA,0,4,0
2004,MAR,2,1,0
2004,MCO,0,0,0
2004,MDA,0,0,0
2004,MDG,0,0,0
2004,MDV,0,0,0
2004,MEX,0,3,1
2004,MKD,0,0,0
2004,MLI,0,0,0
2004,MLT,0,0,0
2004,MMR,0,0,0
2004,MNG,0,0,1
2004,MOZ,0,0,0
2004,MRT,0,0,0
2004,MUS,0,0,0
2004,MWI,0,0,0
2004,MYS,0,0,0
2004,NAM,0,0,0
2004,NER,0,0,0
2004,NGA,0,0,8
2004,NIC,0,0,0
2004,NLD,4,51,22
2004,NOR,5,0,2
2004,NPL,0,0,0
2004,NRU,0,0,0
2004,NZL,4,2,0
2004,OMN,0,0,0
2004,PAK,0,0,0
2004,PAN,0,0,0
2004,PER,0,0,0
2004,PHL,0,0,0
2004,PLE,0,0,0
2004,PLW,0,0,0
2004,PNG,0,0,0
2004,POL,4,2,6
2004,PRI,0,0,0
2004,PRK,0,4,1
2004,PRT,0,2,1
2004,PRY,0,17,0
2004,QAT,0,0,0
2004,ROU,23,5,11
2004,RUS,48,46,95
2004,RWA,0,0,0
2004,SAU,0,0,0
2004,SCG,0,13,0
2004,SDN,0,0,0
2004,SEN,0,0,0
2004,SGP,0,0,0
2004,SLB,0,0,0
2004,SLE,0,0,0
2004,SLV,0,0,0
2004,SMR,0,0,0
2004,SOM,0,0,0
2004,STP,0,0,0
2004,SUR,0,0,0
2004,SVK,3,2,5
2004,SVN,0,2,3
2004,SWE,5,5,2
2004,SWZ,0,0,0
2004,SYC,0,0,0
2004,SYR,0,0,1
2004,TCD,0,0,0
2004,TGO,0,0,0
2004,THA,3,1,4
2004,TJK,0,0,0
2004,TKM,0,0,0
2004,TLS,0,0,0
2004,TON,0,0,0
2004,TPE,2,4,3
2004,TTO,0,0,1
2004,TUN,0,0,0
2004,TUR,3,3,5
2004,TZA,0,0,0
2004,UGA,0,0,0
2004,UKR,8,8,31
2004,URY,0,0,0
2004,USA,117,75,71
2004,UZB,2,1,2
2004,VCT,0,0,0
2004,VEN,0,0,2
2004,VGB,0,0,0
2004,VIR,0,0,0
2004,VNM,0,0,0
2004,VUT,0,0,0
2004,WSM,0,0,0
2004,YEM,0,0,0
2004,ZAF,4,3,3
2004,ZMB,0,0,0
2004,ZWE,1,1,1
2006,ALB,0,0,0
2006,AND,0,0,0
2006,ARG,0,0,0
2006,ARM,0,0,0
2006,AUS,1,0,1
2006,AUT,16,7,7
2006,AZE,0,0,0
2006,BEL,0,0,0
2006,BGR,0,1,0
2006,BIH,0,0,0
2006,BLR,0,1,0
2006,BMU,0,0,0
2006,BRA,0,0,0
2006,CAN,30,28,11
2006,CHE,5,7,9
2006,CHL,0,0,0
2006,CHN,2,5,6
2006,CRI,0,0,0
2006,CYP,0,0,0
2006,CZE,1,2,24
2006,DEU,23,25,6
2006,DNK,0,0,0
2006,DZA,0,0,0
2006,ESP,0,0,0
2006,EST,3,0,0
2006,ETH,0,0,0
2006,FIN,0,34,7
2006,FRA,3,2,10
2006,GBR,0,1,0
2006,GEO,0,0,0
2006,GRC,0,0,0
2006,HKG,0,0,0
2006,HRV,1,2,0
2006,HUN,0,0,0
2006,IND,0,0,0
2006,IRL,0,0,0
2006,IRN,0,0,0
2006,ISL,0,0,0
2006,ISR,0,0,0
2006,ITA,11,0,14
2006,JPN,1,0,0
2006,KAZ,0,0,0
2006,KEN,0,0,0
2006,KGZ,0,0,0
2006,KOR,14,3,2
2006,LBN,0,0,0
2006,LIE,0,0,0
2006,LTU,0,0,0
2006,LUX,0,0,0
2006,LVA,0,0,1
2006,MCO,0,0,0
2006,MDA,0,0,0
2006,MDG,0,0,0
2006,MKD,0,0,0
2006,MNG,0,0,0
2006,NLD,3,2,8
2006,NOR,2,9,12
2006,NPL,0,0,0
2006,NZL,0,0,0
2006,POL,0,1,1
2006,PRK,0,0,0
2006,PRT,0,0,0
2006,ROU,0,0,0
2006,RUS,16,12,13
2006,SCG,0,0,0
2006,SEN,0,0,0
2006,SMR,0,0,0
2006,SVK,0,1,0
2006,SVN,0,0,0
2006,SWE,35,21,8
2006,THA,0,0,0
2006,TJK,0,0,0
2006,TPE,0,0,0
2006,TUR,0,0,0
2006,UKR,0,0,3
2006,USA,9,11,32
2006,UZB,0,0,0
2006,VEN,0,0,0
2006,ZAF,0,0,0
2008,ABW,0,0,0
2008,AFG,0,0,1
2008,AGO,0,0,0
2008,AHO,0,0,0
2008,ALB,0,0,0
2008,AND,0,0,0
2008,ARE,0,0,0
2008,ARG,20,0,31
2008,ARM,0,0,6
2008,ASM,0,0,0
2008,ATG,0,0,0
2008,AUS,31,42,76
2008,AUT,0,1,2
2008,AZE,1,2,4
2008,BDI,0,0,0
2008,BEL,1,4,0
2008,BEN,0,0,0
2008,BFA,0,0,0
2008,BGD,0,0,0
2008,BGR,1,1,3
2008,BHS,0,6,1
2008,BIH,0,0,0
2008,BLR,8,5,16
2008,BLZ,0,0,0
2008,BMU,0,0,0
2008,BOL,0,0,0
2008,BRA,14,34,30
2008,BRB,0,0,0
2008,BRN,0,0,0
2008,BTN,0,0,0
2008,BWA,0,0,0
2008,CAF,0,0,0
2008,CAN,11,13,11
2008,CHE,3,1,7
2008,CHL,0,1,0
2008,CHN,74,53,57
2008,CIV,0,0,0
2008,CMR,1,0,0
2008,COD,0,0,0
2008,COG,0,0,0
2008,COK,0,0,0
2008,COL,0,1,1
2008,COM,0,0,0
2008,CPV,0,0,0
2008,CRI,0,0,0
2008,CUB,2,34,11
2008,CYM,0,0,0
2008,CYP,0,0,0
2008,CZE,3,4,0
2008,DEU,42,16,41
2008,DJI,0,0,0
2008,DMA,0,0,0
2008,DNK,6,7,6
2008,DOM,1,1,0
2008,DZA,0,1,1
2008,ECU,0,1,0
2008,EGY,0,0,1
2008,ERI,0,0,0
2008,ESP,7,47,16
2008,EST,1,2,0
2008,ETH,4,1,2
2008,FIN,1,2,2
2008,FJI,0,0,0
2008,FRA,25,24,28
2008,FSM,0,0,0
2008,GAB,0,0,0
2008,GBR,31,25,25
2008,GEO,3,0,3
2008,GHA,0,0,0
2008,GIN,0,0,0
2008,GMB,0,0,0
2008,GNB,0,0,0
2008,GNQ,0,0,0
2008,GRC,0,3,4
2008,GRD,0,0,0
2008,GTM,0,0,0
2008,GUM,0,0,0
2008,GUY,0,0,0
2008,HKG,0,0,0
2008,HND,0,0,0
2008,HRV,0,2,3
2008,HTI,0,0,0
2008,HUN,16,8,3
2008,IDN,2,2,3
2008,IND,1,0,2
2008,IRL,0,1,2
2008,IRN,1,0,1
2008,IRQ,0,0,0
2008,ISL,0,14,0
2008,ISR,0,0,1
2008,ITA,8,14,20
2008,JAM,5,3,6
2008,JOR,0,0,0
2008,JPN,23,15,13
2008,KAZ,2,4,7
2008,KEN,6,4,5
2008,KGZ,0,1,1
2008,KHM,0,0,0
2008,KIR,0,0,0
2008,KNA,0,0,0
2008,KOR,41,11,26
2008,KWT,0,0,0
2008,LAO,0,0,0
2008,LBN,0,0,0
2008,LBR,0,0,0
2008,LBY,0,0,0
2008,LCA,0,0,0
2008,LIE,0,0,0
2008,LKA,0,0,0
2008,LSO,0,0,0
2008,LTU,0,2,3
2008,LUX,0,0,0
2008,LVA,1,1,1
2008,MAR,0,1,1
2008,MCO,0,0,0
2008,MDA,0,0,1
2008,MDG,0,0,0
2008,MDV,0,0,0
2008,MEX,2,0,2
2008,MHL,0,0,0
2008,MKD,0,0,0
2008,MLI,0,0,0
2008,MLT,0,0,0
2008,MMR,0,0,0
2008,MNE,0,0,0
2008,MNG,2,2,0
2008,MOZ,0,0,0
2008,MRT,0,0,0
2008,MUS,0,0,1
2008,MWI,0,0,0
2008,MYS,0,1,0
2008,NAM,0,0,0
2008,NER,0,0,0
2008,NGA,0,16,7
2008,NIC,0,0,0
2008,NLD,39,18,4
2008,NOR,16,5,1
2008,NPL,0,0,0
2008,NRU,0,0,0
2008,NZL,4,2,9
2008,OMN,0,0,0
2008,PAK,0,0,0
2008,PAN,1,0,0
2008,PER,0,0,0
2008,PHL,0,0,0
2008,PLE,0,0,0
2008,PLW,0,0,0
2008,PNG,0,0,0
2008,POL,6,13,1
2008,PRI,0,0,0
2008,PRK,2,1,3
2008,PRT,1,1,0
2008,PRY,0,0,0
2008,QAT,0,0,0
2008,ROU,5,1,16
2008,RUS,43,46,53
2008,RWA,0,0,0
2008,SAU,0,0,0
2008,SDN,0,1,0
2008,SEN,0,0,0
2008,SGP,0,3,0
2008,SLB,0,0,0
2008,SLE,0,0,0
2008,SLV,0,0,0
2008,SMR,0,0,0
2008,SOM,0,0,0
2008,SRB,0,1,14
2008,STP,0,0,0
2008,SUR,0,0,0
2008,SVK,4,5,1
2008,SVN,1,2,2
2008,SWE,0,5,2
2008,SWZ,0,0,0
2008,SYC,0,0,0
2008,SYR,0,0,0
2008,TCD,0,0,0
2008,TGO,0,0,1
2008,THA,2,2,0
2008,TJK,0,1,1
2008,TKM,0,0,0
2008,TLS,0,0,0
2008,TON,0,0,0
2008,TPE,0,0,4
2008,TTO,5,1,0
2008,TUN,1,0,0
2008,TUR,1,3,3
2008,TUV,0,0,0
2008,TZA,0,0,0
2008,UGA,0,0,0
2008,UKR,10,5,16
2008,URY,0,0,0
2008,USA,127,110,80
2008,UZB,1,2,3
2008,VCT,0,0,0
2008,VEN,0,0,1
2008,VGB,0,0,0
2008,VIR,0,0,0
2008,VNM,0,1,0
2008,VUT,0,0,0
2008,WSM,0,0,0
2008,YEM,0,0,0
2008,ZAF,0,1,0
2008,ZMB,0,0,0
2008,ZWE,1,3,0
2010,ALB,0,0,0
2010,AND,0,0,0
2010,ARG,0,0,0
2010,ARM,0,0,0
2010,AUS,2,1,0
2010,AUT,11,9,6
2010,AZE,0,0,0
2010,BEL,0,0,0
2010,BGR,0,0,0
2010,BIH,0,0,0
2010,BLR,1,1,1
2010,BMU,0,0,0
2010,BRA,0,0,0
2010,CAN,67,15,8
2010,CHE,6,0,6
2010,CHL,0,0,0
2010,CHN,9,3,7
2010,COL,0,0,0
2010,CYM,0,0,0
2010,CYP,0,0,0
2010,CZE,2,0,7
2010,DEU,15,24,15
2010,DNK,0,0,0
2010,DZA,0,0,0
2010,ESP,0,0,0
2010,EST,0,1,0
2010,ETH,0,0,0
2010,FIN,0,1,46
2010,FRA,2,6,6
2010,GBR,1,0,0
2010,GEO,0,0,0
2010,GHA,0,0,0
2010,GRC,0,0,0
2010,HKG,0,0,0
2010,HRV,0,2,1
2010,HUN,0,0,0
2010,IND,0,0,0
2010,IRL,0,0,0
2010,IRN,0,0,0
2010,ISL,0,0,0
2010,ISR,0,0,0
2010,ITA,1,1,3
2010,JAM,0,0,0
2010,JPN,0,5,2
2010,KAZ,0,1,0
2010,KGZ,0,0,0
2010,KOR,6,10,2
2010,LBN,0,0,0
2010,LIE,0,0,0
2010,LTU,0,0,0
2010,LVA,0,3,0
2010,MAR,0,0,0
2010,MCO,0,0,0
2010,MDA,0,0,0
2010,MEX,0,0,0
2010,MKD,0,0,0
2010,MNE,0,0,0
2010,MNG,0,0,0
2010,NLD,4,1,6
2010,NOR,16,14,9
2010,NPL,0,0,0
2010,NZL,0,0,0
2010,PAK,0,0,0
2010,PER,0,0,0
2010,POL,1,3,4
2010,PRK,0,0,0
2010,PRT,0,0,0
2010,ROU,0,0,0
2010,RUS,6,5,14
2010,SEN,0,0,0
2010,SMR,0,0,0
2010,SRB,0,0,0
2010,SVK,1,1,1
2010,SVN,0,2,1
2010,SWE,11,3,4
2010,TJK,0,0,0
2010,TPE,0,0,0
2010,TUR,0,0,0
2010,UKR,0,0,0
2010,USA,12,63,22
2010,UZB,0,0,0
2010,ZAF,0,0,0
2012,ABW,0,0,0
2012,AFG,0,0,1
2012,AGO,0,0,0
2012,ALB,0,0,0
2012,AND,0,0,0
2012,ARE,0,0,0
2012,ARG,1,15,3
2012,ARM,0,1,2
2012,ASM,0,0,0
2012,ATG,0,0,0
2012,AUS,18,37,59
2012,AUT,0,0,0
2012,AZE,2,2,6
2012,BDI,0,0,0
2012,BEL,0,1,2
2012,BEN,0,0,0
2012,BFA,0,0,0
2012,BGD,0,0,0
2012,BGR,0,1,1
2012,BHS,4,0,0
2012,BIH,0,0,0
2012,BLR,3,12,8
2012,BLZ,0,0,0
2012,BMU,0,0,0
2012,BOL,0,0,0
2012,BRA,14,34,11
2012,BRB,0,0,0
2012,BRN,0,0,1
2012,BTN,0,0,0
2012,BWA,0,1,0
2012,CAF,0,0,0
2012,CAN,1,21,33
2012,CHE,2,2,0
2012,CHL,0,0,0
2012,CHN,56,40,29
2012,CIV,0,0,0
2012,CMR,0,0,0
2012,COD,0,0,0
2012,COG,0,0,0
2012,COK,0,0,0
2012,COL,1,3,4
2012,COM,0,0,0
2012,CPV,0,0,0
2012,CRI,0,0,0
2012,CUB,5,3,6
2012,CYM,0,0,0
2012,CYP,0,1,0
2012,CZE,4,4,6
2012,DEU,45,27,22
2012,DJI,0,0,0
2012,DMA,0,0,0
2012,DNK,3,5,8
2012,DOM,1,1,0
2012,DZA,1,0,0
2012,ECU,0,0,0
2012,EGY,0,2,0
2012,ERI,0,0,0
2012,ESP,5,33,25
2012,EST,0,1,1
2012,ETH,3,1,3
2012,FIN,0,1,4
2012,FJI,0,0,0
2012,FRA,30,30,22
2012,FSM,0,0,0
2012,GAB,0,1,0
2012,GBR,48,30,48
2012,GEO,1,3,3
2012,GHA,0,0,0
2012,GIN,0,0,0
2012,GMB,0,0,0
2012,GNB,0,0,0
2012,GNQ,0,0,0
2012,GRC,0,0,3
2012,GRD,1,0,0
2012,GTM,0,1,0
2012,GUM,0,0,0
2012,GUY,0,0,0
2012,HKG,0,0,1
2012,HND,0,0,0
2012,HRV,15,4,16
2012,HTI,0,0,0
2012,HUN,12,8,6
2012,IDN,0,1,1
2012,IND,0,2,4
2012,IOA,0,0,0
2012,IRL,1,1,3
2012,IRN,4,5,3
2012,IRQ,0,0,0
2012,ISL,0,0,0
2012,ISR,0,0,0
2012,ITA,16,22,30
2012,JAM,8,9,8
2012,JOR,0,0,0
2012,JPN,7,44,33
2012,KAZ,7,1,5
2012,KEN,2,4,5
2012,KGZ,0,0,0
2012,KHM,0,0,0
2012,KIR,0,0,0
2012,KNA,0,0,0
2012,KOR,18,13,30
2012,KWT,0,0,1
2012,LAO,0,0,0
2012,LBN,0,0,0
2012,LBR,0,0,0
2012,LBY,0,0,0
2012,LCA,0,0,0
2012,LIE,0,0,0
2012,LKA,0,0,0
2012,LSO,0,0,0
2012,LTU,2,1,2
2012,LUX,0,0,0
2012,LVA,1,0,2
2012,MAR,0,0,1
2012,MCO,0,0,0
2012,MDA,0,0,2
2012,MDG,0,0,0
2012,MDV,0,0,0
2012,MEX,16,5,3
2012,MHL,0,0,0
2012,MKD,0,0,0
2012,MLI,0,0,0
2012,MLT,0,0,0
2012,MMR,0,0,0
2012,MNE,0,14,0
2012,MNG,0,2,3
2012,MOZ,0,0,0
2012,MRT,0,0,0
2012,MUS,0,0,0
2012,MWI,0,0,0
2012,MYS,0,1,1
2012,NAM,0,0,0
2012,NER,0,0,0
2012,NGA,0,0,0
2012,NIC,0,0,0
2012,NLD,21,29,19
2012,NOR,15,1,1
2012,NPL,0,0,0
2012,NRU,0,0,0
2012,NZL,9,3,15
2012,OMN,0,0,0
2012,PAK,0,0,0
2012,PAN,0,0,0
2012,PER,0,0,0
2012,PHL,0,0,0
2012,PLE,0,0,0
2012,PLW,0,0,0
2012,PNG,0,0,0
2012,POL,2,2,8
2012,PRI,0,1,1
2012,PRK,4,0,2
2012,PRT,0,2,0
2012,PRY,0,0,0
2012,QAT,0,0,2
2012,ROU,2,8,6
2012,RUS,50,39,51
2012,RWA,0,0,0
2012,SAU,0,0,4
2012,SDN,0,0,0
2012,SEN,0,0,0
2012,SGP,0,0,4
2012,SLB,0,0,0
2012,SLE,0,0,0
2012,SLV,0,0,0
2012,SMR,0,0,0
2012,SOM,0,0,0
2012,SRB,1,1,14
2012,STP,0,0,0
2012,SUR,0,0,0
2012,SVK,0,1,4
2012,SVN,1,1,3
2012,SWE,2,17,3
2012,SWZ,0,0,0
2012,SYC,0,0,0
2012,SYR,0,0,0
2012,TCD,0,0,0
2012,TGO,0,0,0
2012,THA,0,2,1
2012,TJK,0,0,1
2012,TKM,0,0,0
2012,TLS,0,0,0
2012,TON,0,0,0
2012,TPE,0,1,1
2012,TTO,1,4,5
2012,TUN,1,1,1
2012,TUR,2,2,1
2012,TUV,0,0,0
2012,TZA,0,0,0
2012,UGA,1,0,0
2012,UKR,9,5,12
2012,URY,0,0,0
2012,USA,145,57,46
2012,UZB,1,0,2
2012,VCT,0,0,0
2012,VEN,1,0,0
2012,VGB,0,0,0
2012,VIR,0,0,0
2012,VNM,0,0,0
2012,VUT,0,0,0
2012,WSM,0,0,0
2012,YEM,0,0,0
2012,ZAF,6,2,1
2012,ZMB,0,0,0
2012,ZWE,0,0,0
2014,ALB,0,0,0
2014,AND,0,0,0
2014,ARG,0,0,0
2014,ARM,0,0,0
2014,AUS,0,2,1
2014,AUT,4,12,11
2014,AZE,0,0,0
2014,BEL,0,0,0
2014,BGR,0,0,0
2014,BIH,0,0,0
2014,BLR,5,0,1
2014,BMU,0,0,0
2014,BRA,0,0,0
2014,CAN,59,22,5
2014,CHE,6,4,20
2014,CHL,0,0,0
2014,CHN,3,4,5
2014,CYM,0,0,0
2014,CYP,0,0,0
2014,CZE,2,7,2
2014,DEU,15,12,9
2014,DMA,0,0,0
2014,DNK,0,0,0
2014,ESP,0,0,0
2014,EST,0,0,0
2014,FIN,2,7,24
2014,FRA,4,4,10
2014,GBR,1,4,5
2014,GEO,0,0,0
2014,GRC,0,0,0
2014,HKG,0,0,0
2014,HRV,0,1,0
2014,HUN,0,0,0
2014,IND,0,0,0
2014,IOA,0,0,0
2014,IRL,0,0,0
2014,IRN,0,0,0
2014,ISL,0,0,0
2014,ISR,0,0,0
2014,ITA,0,2,12
2014,JAM,0,0,0
2014,JPN,1,4,6
2014,KAZ,0,0,1
2014,KGZ,0,0,0
2014,KOR,7,5,2
2014,LBN,0,0,0
2014,LIE,0,0,0
2014,LTU,0,0,0
2014,LUX,0,0,0
2014,LVA,0,5,6
2014,MAR,0,0,0
2014,MCO,0,0,0
2014,MDA,0,0,0
2014,MEX,0,0,0
2014,MKD,0,0,0
2014,MLT,0,0,0
2014,MNE,0,0,0
2014,MNG,0,0,0
2014,NLD,13,7,9
2014,NOR,18,5,13
2014,NPL,0,0,0
2014,NZL,0,0,0
2014,PAK,0,0,0
2014,PER,0,0,0
2014,PHL,0,0,0
2014,POL,4,4,3
2014,PRT,0,0,0
2014,PRY,0,0,0
2014,ROU,0,0,0
2014,RUS,33,22,13
2014,SMR,0,0,0
2014,SRB,0,0,0
2014,SVK,1,0,0
2014,SVN,2,2,4
2014,SWE,8,32,11
2014,TGO,0,0,0
2014,THA,0,0,0
2014,TJK,0,0,0
2014,TLS,0,0,0
2014,TON,0,0,0
2014,TPE,0,0,0
2014,TUR,0,0,0
2014,UKR,4,0,1
2014,USA,10,30,24
2014,UZB,0,0,0
2014,VEN,0,0,0
2014,VGB,0,0,0
2014,VIR,0,0,0
2014,ZWE,0,0,0
2016,ABW,0,0,0
2016,AFG,0,0,0
2016,AGO,0,0,0
2016,ALB,0,0,0
2016,AND,0,0,0
2016,ARE,0,0,1
2016,ARG,21,1,0
2016,ARM,1,3,0
2016,ASM,0,0,0
2016,ATG,0,0,0
2016,AUS,23,34,25
2016,AUT,0,0,2
2016,AZE,1,7,10
2016,BDI,0,1,0
2016,BEL,2,17,2
2016,BEN,0,0,0
2016,BFA,0,0,0
2016,BGD,0,0,0
2016,BGR,0,1,6
2016,BHS,1,0,5
2016,BIH,0,0,0
2016,BLR,1,4,7
2016,BLZ,0,0,0
2016,BMU,0,0,0
2016,BOL,0,0,0
2016,BRA,36,8,6
2016,BRB,0,0,0
2016,BRN,1,1,0
2016,BTN,0,0,0
2016,BWA,0,0,0
2016,CAF,0,0,0
2016,CAN,4,4,61
2016,CHE,6,3,2
2016,CHL,0,0,0
2016,CHN,46,30,37
2016,CIV,1,0,1
2016,CMR,0,0,0
2016,COD,0,0,0
2016,COG,0,0,0
2016,COK,0,0,0
2016,COL,3,2,3
2016,COM,0,0,0
2016,CPV,0,0,0
2016,CRI,0,0,0
2016,CUB,5,2,4
2016,CYM,0,0,0
2016,CYP,0,0,0
2016,CZE,1,2,12
2016,DEU,49,43,67
2016,DJI,0,0,0
2016,DMA,0,0,0
2016,DNK,15,10,16
2016,DOM,0,0,1
2016,DZA,0,2,0
2016,ECU,0,0,0
2016,EGY,0,0,3
2016,ERI,0,0,0
2016,ESP,9,19,17
2016,EST,0,0,4
2016,ETH,1,2,5
2016,FIN,0,0,1
2016,FJI,13,0,0
2016,FRA,20,55,21
2016,FSM,0,0,0
2016,GAB,0,0,0
2016,GBR,64,55,26
2016,GEO,2,1,4
2016,GHA,0,0,0
2016,GIN,0,0,0
2016,GMB,0,0,0
2016,GNB,0,0,0
2016,GNQ,0,0,0
2016,GRC,3,1,3
2016,GRD,0,1,0
2016,GTM,0,0,0
2016,GUM,0,0,0
2016,GUY,0,0,0
2016,HKG,0,0,0
2016,HND,0,0,0
2016,HRV,7,15,2
2016,HTI,0,0,0
2016,HUN,12,3,7
2016,IDN,2,2,0
2016,IND,0,1,1
2016,IOA,1,0,1
2016,IRL,0,3,0
2016,IRN,3,1,4
2016,IRQ,0,0,0
2016,ISL,0,0,0
2016,ISR,0,0,2
2016,ITA,8,40,24
2016,JAM,11,17,2
2016,JOR,1,0,0
2016,JPN,17,13,34
2016,KAZ,3,5,10
2016,KEN,6,6,1
2016,KGZ,0,0,0
2016,KHM,0,0,0
2016,KIR,0,0,0
2016,KNA,0,0,0
2016,KOR,13,3,10
2016,LAO,0,0,0
2016,LBN,0,0,0
2016,LBR,0,0,0
2016,LBY,0,0,0
2016,LCA,0,0,0
2016,LIE,0,0,0
2016,LKA,0,0,0
2016,LSO,0,0,0
2016,LTU,0,2,5
2016,LUX,0,0,0
2016,LVA,0,0,0
2016,MAR,0,0,1
2016,MCO,0,0,0
2016,MDA,0,0,0
2016,MDG,0,0,0
2016,MDV,0,0,0
2016,MEX,0,3,2
2016,MHL,0,0,0
2016,MKD,0,0,0
2016,MLI,0,0,0
2016,MLT,0,0,0
2016,MMR,0,0,0
2016,MNE,0,0,0
2016,MNG,0,1,1
2016,MOZ,0,0,0
2016,MRT,0,0,0
2016,MUS,0,0,0
2016,MWI,0,0,0
2016,MYS,0,7,1
2016,NAM,0,0,0
2016,NER,0,1,0
2016,NGA,0,0,18
2016,NIC,0,0,0
2016,NLD,9,25,13
2016,NOR,0,0,19
2016,NPL,0,0,0
2016,NRU,0,0,0
2016,NZL,6,25,5
2016,OMN,0,0,0
2016,PAK,0,0,0
2016,PAN,0,0,0
2016,PER,0,0,0
2016,PHL,0,1,0
2016,PLE,0,0,0
2016,PLW,0,0,0
2016,PNG,0,0,0
2016,POL,3,3,10
2016,PRI,1,0,0
2016,PRK,2,3,2
2016,PRT,0,0,1
2016,PRY,0,0,0
2016,QAT,0,1,0
2016,ROT,0,0,0
2016,ROU,4,2,10
2016,RUS,52,28,35
2016,RWA,0,0,0
2016,SAU,0,0,0
2016,SDN,0,0,0
2016,SEN,0,0,0
2016,SGP,1,0,0
2016,SLB,0,0,0
2016,SLE,0,0,0
2016,SLV,0,0,0
2016,SMR,0,0,0
2016,SOM,0,0,0
2016,SRB,15,27,13
2016,SSD,0,0,0
2016,STP,0,0,0
2016,SUR,0,0,0
2016,SVK,3,5,0
2016,SVN,1,2,1
2016,SWE,2,23,3
2016,SWZ,0,0,0
2016,SYC,0,0,0
2016,SYR,0,0,0
2016,TCD,0,0,0
2016,TGO,0,0,0
2016,THA,2,2,2
2016,TJK,1,0,0
2016,TKM,0,0,0
2016,TLS,0,0,0
2016,TON,0,0,0
2016,TPE,1,0,4
2016,TTO,0,0,1
2016,TUN,0,0,3
2016,TUR,1,3,4
2016,TUV,0,0,0
2016,TZA,0,0,0
2016,UGA,0,0,0
2016,UKR,2,8,5
2016,URY,0,0,0
2016,USA,139,54,71
2016,UZB,4,2,7
2016,VCT,0,0,0
2016,VEN,0,1,2
2016,VGB,0,0,0
2016,VIR,0,0,0
2016,VNM,1,1,0
2016,VUT,0,0,0
2016,WSM,0,0,0
2016,YEM,0,0,0
2016,ZAF,2,7,14
2016,ZMB,0,0,0
2016,ZWE,0,0,0
