Year,NOC,Medals,PIB
1960,AFG,0,8604444977.777777
1960,AHO,0,0.0
1960,ARE,2,0.0
1960,ARG,4,0.0
1960,AUS,46,5916958226005.14
1960,AUT,9,1582246521884.388
1960,BEL,4,1748808388648.5
1960,BGR,7,0.0
1960,BHS,0,2377254901.960778
1960,BMU,0,760199886.6922071
1960,BRA,13,1464620036387.5916
1960,CAN,30,8699270163919.062
1960,CHE,14,2485436893715.4126
1960,CHL,0,86310000000.0
1960,COL,0,92716518462.69792
1960,CUB,0,0.0
1960,DEU,98,0.0
1960,DNK,23,0.0
1960,ESP,14,3018031518849.25
1960,ETH,1,0.0
1960,FIN,19,1530661943289.6191
1960,FJI,0,336985266.339252
1960,FRA,15,26010249804368.76
1960,GBR,28,31344138172219.996
1960,GHA,1,18256302521.00835
1960,GRC,3,255775974993.5258
1960,GUY,0,1021291489.2375901
1960,HKG,0,5283186606.77828
1960,HTI,0,273187200.0
1960,HUN,66,0.0
1960,IDN,0,0.0
1960,IND,13,1814464309933.011
1960,IRL,0,122177775852.55557
1960,IRN,4,100779225357.6888
1960,IRQ,1,47155402968.3562
1960,ISL,0,5217116036.343246
1960,ISR,0,119531000000.0
1960,ITA,89,18577232638327.906
1960,JPN,31,15551877375590.4
1960,KEN,0,23737963764.542282
1960,KOR,0,273115162345.0691
1960,LBN,0,0.0
1960,LBR,0,0.0
1960,LIE,0,0.0
1960,LKA,0,7049369747.89915
1960,LUX,0,82359307595.32608
1960,MAL,0,0.0
1960,MAR,1,226123729512.8942
1960,MCO,0,0.0
1960,MEX,1,1434400000000.0
1960,MLT,0,0.0
1960,MMR,0,0.0
1960,NGA,0,62941383872.3226
1960,NLD,5,2123875011770.3245
1960,NOR,11,542143517806.48706
1960,NZL,3,323665432726.2866
1960,PAK,14,198711045779.08463
1960,PAN,0,4297176800.0
1960,PER,0,84872966048.90103
1960,PHL,0,368278445880.39716
1960,POL,32,0.0
1960,PRI,0,49065100000.0
1960,PRT,2,348058844076.65375
1960,RHO,0,0.0
1960,ROU,15,0.0
1960,SDN,0,16995333333.333288
1960,SGP,1,3523781523.58552
1960,SMR,0,0.0
1960,SWE,16,5221453061080.212
1960,TCH,23,0.0
1960,THA,0,66257939325.26976
1960,TPE,1,0.0
1960,TUN,0,0.0
1960,TUR,9,894948665297.7408
1960,UGA,0,6768134171.90776
1960,URS,211,0.0
1960,URY,0,52176148046.60706
1960,USA,152,289578900000000.0
1960,VEN,1,420070909090.9091
1960,VNM,0,0.0
1960,WIF,5,0.0
1960,YUG,17,0.0
1960,ZAF,3,664893334321.9215
1960,ZWE,0,10529904000.0
1964,AFG,0,6400000355.555552
1964,AHO,0,0.0
1964,ARG,1,4352892394899.149
1964,AUS,44,9663245604210.986
1964,AUT,17,1815656809370.946
1964,BEL,3,1356609067857.2222
1964,BGR,10,0.0
1964,BHS,2,3200000000.0000043
1964,BMU,0,430266602.535428
1964,BOL,0,539491477.320156
1964,BRA,12,1362642690173.3684
1964,CAN,12,14270104117147.168
1964,CHE,6,3373969681170.591
1964,CHL,0,161523391304.3479
1964,CIV,0,9210632664.45521
1964,CMR,0,1553300252.380144
1964,COG,0,371387449.690662
1964,COL,0,238934666666.6668
1964,CRI,0,1085156734.485196
1964,CUB,1,0.0
1964,DEU,126,0.0
1964,DNK,12,0.0
1964,DOM,0,1025599900.0
1964,DZA,0,20365050049.62428
1964,EGY,0,0.0
1964,ESP,0,1686163726854.994
1964,ETH,1,0.0
1964,FIN,20,1848463910417.0396
1964,FRA,38,24818072676505.098
1964,GBR,30,34553166356525.15
1964,GHA,1,69243697478.99161
1964,GRC,0,173411504685.0758
1964,GUY,0,194773376.888526
1964,HKG,0,110323323063.217
1964,HUN,56,0.0
1964,IND,15,6325792473390.869
1964,IRL,1,96831313105.5907
1964,IRN,2,581023329951.7501
1964,IRQ,0,44469901708.204895
1964,ISL,0,6514019053.718745
1964,ISR,0,44269333333.33329
1964,ITA,61,22048220539634.28
1964,JAM,0,28733804843.903137
1964,JPN,62,44226212452397.5
1964,KEN,1,40949132679.376366
1964,KHM,0,11742856928.571436
1964,KOR,3,885488475579.8451
1964,LBN,0,0.0
1964,LBR,0,0.0
1964,LIE,0,0.0
1964,LKA,0,9168235294.11762
1964,LUX,0,24385286356.477795
1964,MAR,0,58765135144.74855
1964,MCO,0,0.0
1964,MDG,0,3209928731.72928
1964,MEX,1,2570240000000.0
1964,MLI,0,0.0
1964,MMR,0,5702368582.419071
1964,MNG,0,0.0
1964,MYS,0,216629753038.02396
1964,NER,0,582816358.347155
1964,NGA,1,105503627187.45627
1964,NLD,33,3178894724328.9053
1964,NOR,15,952173959961.876
1964,NPL,0,2976592651.8518524
1964,NZL,6,640124702871.992
1964,PAK,16,244632927341.45306
1964,PAN,0,11642062500.0
1964,PER,0,174276554805.97
1964,PHL,1,416763679759.59076
1964,POL,46,0.0
1964,PRI,0,115672500000.0
1964,PRK,1,0.0
1964,PRT,0,105890204441.7755
1964,ROU,16,0.0
1964,SEN,0,16645027947.9176
1964,SWE,43,6264011856503.476
1964,TCD,0,784495035.20083
1964,TCH,71,0.0
1964,THA,0,260571706134.61523
1964,TPE,0,0.0
1964,TTO,6,12814080615.99486
1964,TUN,2,0.0
1964,TUR,6,413577777777.77856
1964,TZA,0,0.0
1964,UGA,0,11192075471.698114
1964,URS,221,0.0
1964,URY,1,57295352677.51835
1964,USA,177,424510200000000.0
1964,VEN,0,186284318181.81815
1964,VNM,0,0.0
1964,YUG,15,0.0
1964,ZMB,0,12591428571.428564
1964,ZWE,0,40165554000.0
1968,AFG,0,6866666833.33335
1968,AHO,0,0.0
1968,ARG,2,3806907443635.6226
1968,AUS,51,7557624594019.478
1968,AUT,20,2127346928500.5134
1968,BEL,3,2265893430028.3496
1968,BGR,26,0.0
1968,BHS,0,9787843137.254908
1968,BLZ,0,314371257.48503023
1968,BMU,0,900000000.0
1968,BOL,0,3431649831.649832
1968,BRA,4,3019810710848.256
1968,BRB,0,0.0
1968,CAF,0,191767436.956884
1968,CAN,30,28875583828997.99
1968,CHE,22,4110572362064.6997
1968,CHL,0,258015130434.78265
1968,CIV,0,14094093702.37352
1968,CMR,1,5230955962.219151
1968,COD,0,31278244311.37728
1968,COL,0,417214900839.0776
1968,CRI,0,20893720347.16982
1968,CUB,10,0.0
1968,DNK,17,1337051812800.0034
1968,DOM,0,25898400000.0
1968,DZA,0,34669042352.79822
1968,ECU,0,105869412561.6055
1968,EGY,0,207628504672.89734
1968,ESP,0,5193465499432.567
1968,ETH,2,0.0
1968,FIN,12,1949890487552.9143
1968,FJI,0,166952937.135005
1968,FRA,36,55677954406698.625
1968,FRG,61,0.0
1968,GBR,19,42241884746612.49
1968,GDR,58,0.0
1968,GHA,0,60008765986.404
1968,GIN,0,0.0
1968,GRC,1,524715146931.8928
1968,GTM,0,107903500000.0
1968,GUY,0,1378500000.0
1968,HKG,0,67924109710.6045
1968,HND,0,3880800000.0
1968,HUN,81,0.0
1968,IDN,0,42458791771.64136
1968,IND,16,1592563676120.001
1968,IRL,0,186879315264.82312
1968,IRN,5,224202496957.34875
1968,IRQ,0,11587790534.8642
1968,ISL,0,11385587318.936615
1968,ISR,0,180141000000.0
1968,ITA,41,30515954392387.62
1968,JAM,1,37935917436.69735
1968,JPN,63,56294811911236.22
1968,KEN,12,67664772876.30499
1968,KOR,2,489542743538.76715
1968,KWT,0,5326239148.69784
1968,LBN,0,0.0
1968,LBY,0,0.0
1968,LIE,0,0.0
1968,LKA,0,5404033613.44539
1968,LUX,0,7465129915.74364
1968,MAR,0,107956723643.90858
1968,MCO,0,0.0
1968,MDG,0,6190017818.22966
1968,MEX,9,13094560000000.0
1968,MLI,0,687543946.662714
1968,MLT,0,0.0
1968,MMR,0,2124745429.623924
1968,MNG,4,0.0
1968,MYS,0,116563765843.46025
1968,NER,0,1282428421.337938
1968,NGA,0,239241215175.6966
1968,NIC,0,11134399686.857136
1968,NLD,23,4617722553379.55
1968,NOR,28,1960867288399.2734
1968,NZL,7,414447809651.308
1968,PAK,13,120629987400.252
1968,PAN,0,17804657600.0
1968,PER,0,189290766559.68997
1968,PHL,0,768314684984.3591
1968,POL,37,0.0
1968,PRI,0,390228300000.0
1968,PRT,0,209690666735.0672
1968,PRY,0,517650793.650794
1968,ROU,25,0.0
1968,SDN,0,13631333333.33331
1968,SEN,0,31425235924.50792
1968,SGP,0,8554292434.339499
1968,SLE,0,1319440367.776148
1968,SLV,0,105015050400.0
1968,SMR,0,0.0
1968,SUR,0,241350000.0
1968,SWE,25,9257912338927.02
1968,SYR,0,3124606858.63874
1968,TCD,0,1815920386.595276
1968,TCH,50,0.0
1968,THA,0,279726433682.6921
1968,TPE,1,0.0
1968,TTO,0,18972498750.0
1968,TUN,2,9717333333.33336
1968,TUR,2,875000000000.0
1968,TZA,0,0.0
1968,UGA,2,14529411764.705881
1968,URS,229,0.0
1968,URY,0,79683766508.2335
1968,USA,173,625820000000000.0
1968,VEN,1,301033333333.33203
1968,VIR,0,0.0
1968,VNM,0,0.0
1968,YUG,29,0.0
1968,ZMB,0,11240999999.99998
1972,AFG,0,12764443804.44448
1972,AHO,0,0.0
1972,ALB,0,0.0
1972,ARG,1,4480557069180.92
1972,AUS,20,14470289719626.174
1972,AUT,8,4654578232632.905
1972,BEL,2,4055826564017.9604
1972,BEN,0,1230995702.851593
1972,BFA,0,578595583.975723
1972,BGR,22,0.0
1972,BHS,0,14772500000.0
1972,BLZ,0,132125000.0
1972,BMU,0,2118600000.0
1972,BOL,0,17606619029.71048
1972,BRA,2,6077225270986.438
1972,BRB,0,0.0
1972,CAN,12,48512529988887.82
1972,CHE,25,0.0
1972,CHL,0,154099624999.9999
1972,CIV,0,24042207797.08254
1972,CMR,0,26968536903.10104
1972,COG,0,3285354103.183432
1972,COL,3,650351904951.3645
1972,CRI,0,4953006782.21552
1972,CUB,22,1635165329275.9702
1972,DNK,1,3601018892550.3276
1972,DOM,0,9937000000.0
1972,DZA,0,47367366276.085236
1972,ECU,0,12743948939.36356
1972,EGY,0,241790589451.91306
1972,ESP,2,9993378172404.871
1972,ETH,2,0.0
1972,FIN,20,3184528201892.7407
1972,FJI,0,1266602035.870092
1972,FRA,25,86485013003901.02
1972,FRG,112,0.0
1972,GAB,0,430508357.728441
1972,GBR,29,85662377622377.64
1972,GDR,171,0.0
1972,GHA,1,86604010730.29822
1972,GRC,2,1215756818181.8208
1972,GTM,0,23114300000.0
1972,GUY,0,1141523809.523808
1972,HKG,0,102781933562.59091
1972,HTI,0,2604000000.0
1972,HUN,81,0.0
1972,IDN,0,76983132530.1206
1972,IND,14,3072917334733.3955
1972,IRL,0,530717088906.3733
1972,IRN,3,1166435501891.3848
1972,ISL,0,25189564921.8219
1972,ISR,0,0.0
1972,ITA,34,60137656494023.72
1972,JAM,1,95627491856.67735
1972,JPN,59,135799364029234.3
1972,KEN,12,145402261859.45184
1972,KHM,0,8594340503.376308
1972,KOR,1,586565705413.728
1972,KWT,0,17804803891.7604
1972,LBN,1,0.0
1972,LBR,0,0.0
1972,LIE,0,2748722350.230406
1972,LKA,0,15323618090.45226
1972,LSO,0,161831663.8480552
1972,LUX,0,28525460544.4047
1972,MAR,0,197890584246.218
1972,MCO,0,2012301666.239945
1972,MDG,0,17440678860.50256
1972,MEX,1,12701200000000.0
1972,MLI,0,1459851838.086786
1972,MLT,0,1475591246.624665
1972,MMR,0,12055976008.975315
1972,MNG,1,0.0
1972,MWI,0,7309131736.526945
1972,MYS,0,287466307277.62823
1972,NER,1,2971118961.574048
1972,NGA,1,441878976640.7136
1972,NIC,0,8808428900.71429
1972,NLD,15,12308975384509.756
1972,NOR,25,4773617983667.775
1972,NPL,0,2048197609.87654
1972,NZL,14,1128945065629.5579
1972,PAK,15,244790425348.71704
1972,PAN,0,13387293600.0
1972,PER,0,284871815680.3618
1972,PHL,0,752633424053.1554
1972,POL,47,0.0
1972,PRI,0,379734000000.0
1972,PRK,15,0.0
1972,PRT,0,460803832468.49316
1972,PRY,0,2307119047.619049
1972,ROU,40,0.0
1972,SAU,0,135296951015.73056
1972,SDN,0,89342000000.0
1972,SEN,0,64834291087.166794
1972,SGP,0,32657291769.10212
1972,SLV,0,22746960000.0
1972,SMR,0,0.0
1972,SOM,0,1667769747.711352
1972,SUR,0,935850000.0
1972,SWE,26,14049839847135.902
1972,SWZ,0,586965005.85404
1972,SYR,0,12078534031.4136
1972,TCD,0,2927137728.64876
1972,TCH,49,0.0
1972,TGO,0,2349743458.2561593
1972,THA,0,302581728456.7306
1972,TPE,0,0.0
1972,TTO,0,39001717587.05028
1972,TUN,1,82786627541.39601
1972,TUR,1,1017957746478.875
1972,TZA,0,0.0
1972,UGA,2,52205882352.94109
1972,URS,259,0.0
1972,URY,0,43788360027.579605
1972,USA,195,927354750000000.0
1972,VEN,0,461265000000.0009
1972,VIR,0,0.0
1972,VNM,0,0.0
1972,YUG,18,0.0
1972,ZMB,0,22928571428.57148
1976,AHO,0,0.0
1976,AND,0,3181934344.6903744
1976,ARG,0,6242678986845.009
1976,ATG,0,0.0
1976,AUS,23,30794732131602.305
1976,AUT,8,8119435505867.923
1976,BEL,9,11378221274817.137
1976,BGR,39,0.0
1976,BHS,0,12199900000.0
1976,BLZ,0,387623318.3856504
1976,BMU,1,7726000000.0
1976,BOL,0,13659920039.98
1976,BRA,3,13632036479530.424
1976,BRB,0,7410491566.02456
1976,CAN,26,132208361541582.06
1976,CHE,19,0.0
1976,CHL,0,206838504980.842
1976,CIV,0,51282590785.53931
1976,CMR,0,11592359716.34292
1976,COL,0,675021761060.6713
1976,CRI,0,24125554259.043198
1976,CUB,24,2675178501096.2324
1976,CYM,0,0.0
1976,DNK,8,3610647290322.5825
1976,DOM,0,43466500000.0
1976,ECU,0,72735394438.67816
1976,EGY,0,346215690168.8186
1976,ESP,6,20264728597363.754
1976,FIN,22,5955859075242.338
1976,FJI,0,3472762058.594185
1976,FRA,21,134407172903578.19
1976,FRG,110,0.0
1976,GBR,33,98395956873315.5
1976,GDR,227,0.0
1976,GRC,0,1557641791044.775
1976,GTM,0,122228405600.0
1976,HKG,0,643818300440.385
1976,HND,0,4043999850.0
1976,HTI,0,12306000000.0
1976,HUN,55,0.0
1976,IDN,0,409960722891.566
1976,IND,0,2670646276126.3223
1976,IRL,0,557771604868.3839
1976,IRN,2,7894414229367.44
1976,ISL,0,63440558818.68596
1976,ISR,0,0.0
1976,ITA,35,91235215045359.48
1976,JAM,2,106776368276.3172
1976,JPN,41,243257171484863.47
1976,KOR,17,1794148760330.5798
1976,KWT,0,275765047879.6164
1976,LBN,0,0.0
1976,LIE,2,7902322491.598647
1976,LUX,0,30812275862.06895
1976,MAR,0,86258909782.09225
1976,MCO,0,7353399119.1765
1976,MEX,2,12196558441558.438
1976,MNG,1,0.0
1976,MYS,0,276253147623.545
1976,NIC,0,46196784292.85725
1976,NLD,20,21615406682780.395
1976,NOR,16,5750763309813.984
1976,NPL,0,1452792989.10865
1976,NZL,25,1510136399064.6882
1976,PAK,16,316033939393.9392
1976,PAN,0,33645378000.0
1976,PER,0,223267931314.5386
1976,PHL,0,426380807435.1848
1976,PNG,0,13606709258.32497
1976,POL,73,0.0
1976,PRI,1,1004483200000.0
1976,PRK,2,0.0
1976,PRT,2,731981936339.5211
1976,PRY,0,10193761904.76192
1976,ROU,55,0.0
1976,SAU,0,1216106853524.0796
1976,SEN,0,94702667808.93962
1976,SGP,0,25308311896.42812
1976,SMR,0,0.0
1976,SUR,0,2022000000.0
1976,SWE,12,21536259273169.72
1976,TCH,34,0.0
1976,THA,1,1053083091053.4756
1976,TPE,0,0.0
1976,TTO,1,50008211675.8354
1976,TUN,0,72126865671.64175
1976,TUR,0,2403130434782.609
1976,URS,342,0.0
1976,URY,0,55007418622.2558
1976,USA,175,1320755460000000.0
1976,VEN,1,1759493953488.3706
1976,VIR,0,0.0
1976,YUG,19,0.0
1980,AFG,0,40058956541.95006
1980,AGO,0,100818557816.36472
1980,AND,0,4910577164.075187
1980,ARG,0,2001010017267.8225
1980,AUS,13,31356753203342.645
1980,AUT,13,12965308253563.068
1980,BEL,1,11414638294937.19
1980,BEN,0,23889276303.05994
1980,BGR,91,8193602307692.32
1980,BOL,0,36299902420.02056
1980,BRA,9,35371629994002.914
1980,BWA,0,8487390633.04168
1980,CAN,2,23551429083133.76
1980,CHE,11,19503084036522.086
1980,CHN,0,7263670039850.0
1980,CMR,0,193562461127.3403
1980,COG,0,42644921238.66375
1980,COL,0,935220598033.3468
1980,CRI,0,193257880046.67438
1980,CUB,20,5734912279999.996
1980,CYP,0,45240536815.92039
1980,DNK,8,4267651721996.4844
1980,DOM,0,47329100000.0
1980,DZA,0,2667821992338.56
1980,ECU,0,286104234926.0544
1980,ESP,24,52605301981898.41
1980,ETH,4,0.0
1980,FIN,21,11265492508766.328
1980,FRA,30,171114374417882.72
1980,FRG,8,0.0
1980,GBR,48,228238875203346.72
1980,GDR,303,0.0
1980,GIN,0,0.0
1980,GRC,5,2898312877697.84
1980,GTM,0,78787000000.0
1980,GUY,1,6032000000.0
1980,HUN,63,0.0
1980,IND,16,14533376916759.559
1980,IRL,3,1239627771484.0586
1980,IRQ,0,2313036000000.0
1980,ISL,0,81154062031.01544
1980,ITA,40,132200126936468.34
1980,JAM,3,85741102503.64896
1980,JOR,0,23460221550.85602
1980,JPN,1,88430877901109.61
1980,KOR,0,1569567522183.6265
1980,KWT,0,1918782883462.8215
1980,LAO,0,0.0
1980,LBN,1,0.0
1980,LBY,0,0.0
1980,LIE,4,9089932565.495018
1980,LKA,0,16098487598.30612
1980,LSO,0,3020929635.3364167
1980,LUX,0,24079221961.64988
1980,MDG,0,93632730280.3215
1980,MEX,10,15180292434782.629
1980,MLI,0,12317838280.62179
1980,MLT,0,15002905294.556278
1980,MMR,0,2021193610.95236
1980,MNG,4,0.0
1980,MOZ,0,0.0
1980,NGA,0,3595300134865.9023
1980,NIC,0,13136084205.15792
1980,NLD,10,31029182733318.582
1980,NOR,15,6443938289601.561
1980,NPL,0,19459165833.333298
1980,NZL,0,418401852924.1464
1980,PER,0,688854668304.4966
1980,POL,50,0.0
1980,PRI,0,43308300000.0
1980,PRK,5,0.0
1980,PRT,0,592137356828.193
1980,ROU,68,0.0
1980,SEN,0,175894185873.79004
1980,SLE,0,35221947037.53088
1980,SMR,0,0.0
1980,SWE,43,44048541167013.586
1980,SYC,0,3094501678.375842
1980,SYR,0,927431847133.7576
1980,TCH,52,0.0
1980,TTO,0,93537499999.99995
1980,TZA,2,0.0
1980,UGA,1,19913760000.0
1980,URS,496,0.0
1980,USA,30,442882585000000.0
1980,VEN,1,2542010000000.001
1980,VNM,0,0.0
1980,YUG,57,0.0
1980,ZMB,0,164668500000.0
1980,ZWE,15,347301146400.0
1984,AHO,0,0.0
1984,AND,0,2640565514.386256
1984,ARE,0,459887496594.933
1984,ARG,0,12021984303700.863
1984,ATG,0,5626066849.999992
1984,AUS,52,69112898025719.96
1984,AUT,4,15976556048414.826
1984,BEL,5,7918205365121.473
1984,BEN,0,3153401781.00027
1984,BGD,0,37841680000.0
1984,BGR,0,580633166666.6653
1984,BHS,0,63274100000.0
1984,BLZ,0,2786965337.26
1984,BMU,0,12814099584.0
1984,BOL,0,111050667888.52301
1984,BRA,36,37102974895056.26
1984,BRB,0,33672251777.45725
1984,BRN,0,54678191489.36172
1984,BTN,0,962759823.2218319
1984,BWA,0,9926370918.05296
1984,CAF,0,1913461862.0105848
1984,CAN,91,235612006022700.72
1984,CHE,21,35493343289781.84
1984,CHL,0,1491312088456.5388
1984,CHN,74,102158978806157.2
1984,CIV,1,123149496861.8172
1984,CMR,1,409468497615.4388
1984,COD,0,70719562738.83087
1984,COG,0,28516557763.293858
1984,COL,1,1836149795422.421
1984,CRI,0,142758581896.00018
1984,CYM,0,0.0
1984,CYP,0,50121476969.092766
1984,DJI,0,0.0
1984,DNK,13,4373787527180.734
1984,DOM,1,278256000000.0
1984,DZA,2,1772043203896.9373
1984,ECU,0,253687727749.1745
1984,EGY,1,5129649537733.819
1984,ESP,19,48533020724487.766
1984,FIN,31,9890205777601.902
1984,FJI,0,30627932754.479843
1984,FRA,70,218111033551001.9
1984,FRG,166,0.0
1984,GAB,0,14245806248.87784
1984,GBR,73,270892926310188.88
1984,GDR,33,0.0
1984,GHA,0,119131555772.99422
1984,GIN,0,0.0
1984,GMB,0,2837420830.892
1984,GNQ,0,251604572.032844
1984,GRC,2,4129722079806.533
1984,GRD,0,873199864.4444461
1984,GTM,0,501910005300.0
1984,GUY,0,5251579263.157896
1984,HKG,0,2915490406753.6465
1984,HND,0,127798108009.0
1984,HTI,0,5448600000.0
1984,HUN,0,0.0
1984,IDN,0,1951635099875.0571
1984,IND,0,11244386410867.537
1984,IRL,1,1105865665016.222
1984,IRQ,0,1173459677419.355
1984,ISL,1,128899862433.22815
1984,ISR,0,0.0
1984,ITA,65,212375529165748.38
1984,JAM,7,178017521811.9105
1984,JOR,0,74500650195.05849
1984,JPN,50,580087915881654.4
1984,KEN,3,414826283731.11523
1984,KOR,41,27107845604109.277
1984,KWT,0,672616234042.5524
1984,LBN,0,0.0
1984,LBR,0,0.0
1984,LIE,2,13570668595.99097
1984,LKA,0,36260849056.603745
1984,LSO,0,1665792381.2106001
1984,LUX,0,22192177464.3954
1984,MAR,2,622638598195.3368
1984,MCO,0,10373149562.3209
1984,MDG,0,19529692404.30595
1984,MEX,6,29113316340881.99
1984,MLI,0,6164660523.35465
1984,MLT,0,7712799981.37628
1984,MMR,0,1354699245.07241
1984,MNG,0,25184815200.0
1984,MOZ,0,0.0
1984,MRT,0,2148747470.89884
1984,MUS,0,7283899625.37048
1984,MWI,0,27784206664.78006
1984,MYS,0,916474654377.8811
1984,NER,0,5844972849.71256
1984,NGA,5,2645436942773.593
1984,NIC,0,15527585457.06895
1984,NLD,41,30797310127747.324
1984,NOR,19,14211271702505.658
1984,NPL,0,25812073877.9709
1984,NZL,23,3704881779529.198
1984,OMN,0,194070063694.2676
1984,PAK,16,1028010240427.4274
1984,PAN,0,61833871000.0
1984,PER,1,773715545231.1252
1984,PHL,0,1143366488035.5967
1984,PNG,0,30630315156.9108
1984,POL,0,0.0
1984,PRI,2,1130593400000.0
1984,PRK,0,0.0
1984,PRT,3,1210462514379.624
1984,PRY,0,81044330528.51874
1984,QAT,0,174314291428.57132
1984,ROU,106,0.0
1984,RWA,0,9524477743.335781
1984,SAU,0,5024246596140.744
1984,SDN,0,94028538461.5386
1984,SEN,0,108040119976.41885
1984,SGP,0,276491055371.51
1984,SLB,0,544711362.9603211
1984,SLE,0,10874718619.8928
1984,SLV,0,54925251000.0
1984,SMR,0,0.0
1984,SOM,0,7094764920.944116
1984,SUR,0,6048000000.0
1984,SWE,64,38438879628617.6
1984,SWZ,0,5439232698.434216
1984,SYC,0,2269698629.73738
1984,SYR,1,172758726114.6501
1984,TCD,0,2757311205.956142
1984,TCH,28,0.0
1984,TGO,0,4308893757.665232
1984,THA,1,1671903718537.6958
1984,TON,0,449738481.79025924
1984,TPE,1,0.0
1984,TTO,0,178412916666.6666
1984,TUN,0,231136972193.61475
1984,TUR,3,4379263390422.1665
1984,TZA,0,0.0
1984,UGA,0,108469424311.6302
1984,URS,56,0.0
1984,URY,0,111555553170.05789
1984,USA,361,3427933437000000.0
1984,VEN,3,2640452571428.571
1984,VGB,0,0.0
1984,VIR,0,0.0
1984,WSM,0,982808408.956662
1984,YAR,0,0.0
1984,YUG,88,0.0
1984,ZMB,1,49309999999.999916
1984,ZWE,0,127042518000.0
1988,ABW,0,7159776536.312843
1988,AFG,0,0.0
1988,AGO,0,289385268143.38257
1988,AHO,1,0.0
1988,AND,0,9378537208.97015
1988,ARE,0,1305924271315.7185
1988,ARG,13,22591020278100.29
1988,ASM,0,0.0
1988,ATG,0,9965943194.44445
1988,AUS,35,88524719877765.0
1988,AUT,13,33201509872952.12
1988,BEL,2,13957722916072.445
1988,BEN,0,16202461871.517101
1988,BFA,0,23544365812.853672
1988,BGD,0,292369063362.8974
1988,BGR,41,7511128411764.71
1988,BHS,0,50722200000.0
1988,BLZ,0,4161213683.5099998
1988,BMU,0,19811400448.0
1988,BOL,0,91952312449.6546
1988,BRA,23,60304157261888.664
1988,BRB,0,47131705861.88038
1988,BRN,0,59238297872.34048
1988,BTN,0,1633446031.37931
1988,BWA,0,29089904845.23684
1988,CAF,0,18973490523.02475
1988,CAN,29,351596565369302.06
1988,CHE,28,59754960380646.56
1988,CHL,1,1015568961929.7183
1988,CHN,52,138060304993855.98
1988,CIV,0,297399943339.594
1988,CMR,0,256957221003.8526
1988,COD,0,186087299511.57315
1988,COG,0,22125363133.349197
1988,COK,0,0.0
1988,COL,1,2235115352874.0713
1988,CRI,1,175355936139.3322
1988,CYM,0,0.0
1988,CYP,0,81297059347.55334
1988,DJI,1,2374767231.78465
1988,DNK,7,15137422906781.543
1988,DOM,0,96737668711.65648
1988,DZA,0,2659008023432.7437
1988,ECU,0,195778298285.0655
1988,EGY,0,2063827370812.0386
1988,ESP,5,130151501839737.2
1988,FIN,38,21048385216773.22
1988,FJI,0,46619030972.52325
1988,FRA,31,537951238850345.8
1988,FRG,129,0.0
1988,GAB,0,7669006756.6945
1988,GBR,54,516039589114194.0
1988,GDR,213,0.0
1988,GHA,0,109154660561.81737
1988,GIN,0,16690071876.690308
1988,GMB,0,1600038757.378806
1988,GNQ,0,703742643.064489
1988,GRC,1,6634731179437.902
1988,GRD,0,1654502665.925928
1988,GTM,0,407763346870.22894
1988,GUM,0,0.0
1988,GUY,0,3310399920.0
1988,HKG,0,5433373815014.09
1988,HND,0,106248907645.49359
1988,HTI,0,13069634000.0
1988,HUN,44,0.0
1988,IDN,3,3624907502459.2065
1988,IND,0,17202161699116.531
1988,IRL,0,2946285905218.96
1988,IRN,1,3199504394681.608
1988,IRQ,0,1755166451612.9045
1988,ISL,0,293118519179.80176
1988,ISR,0,0.0
1988,ITA,37,427080690477536.25
1988,JAM,7,210557090423.78726
1988,JOR,0,56494776916.911606
1988,JPN,21,1612633581918927.8
1988,KEN,9,735273517363.4004
1988,KOR,77,121151630142042.86
1988,KWT,0,703544073835.1245
1988,LAO,0,1796883807.893637
1988,LBN,0,132541602717.2984
1988,LBR,0,0.0
1988,LBY,0,0.0
1988,LIE,1,60411398892.91312
1988,LKA,0,62805344231.37375
1988,LSO,0,2822335078.073454
1988,LUX,0,131854349972.57263
1988,MAR,3,899685366422.6295
1988,MCO,0,26008770672.7589
1988,MDV,0,1516630620.375639
1988,MEX,2,29965905746007.656
1988,MLI,0,17352324836.07432
1988,MLT,0,12116845465.16154
1988,MMR,0,4177643228.4760504
1988,MNG,1,131382924233.33347
1988,MOZ,0,0.0
1988,MRT,0,9904662978.60242
1988,MUS,0,23479687744.18245
1988,MWI,0,30358333658.688858
1988,MYS,0,599621964258.4387
1988,NER,0,13682138029.37202
1988,NGA,0,4269768457879.4995
1988,NLD,52,59453685410859.67
1988,NOR,33,19768650606107.066
1988,NPL,0,69740194967.1276
1988,NZL,24,5918162318840.58
1988,OMN,0,109020806241.87259
1988,PAK,1,1269600512674.4512
1988,PAN,0,53125050600.0
1988,PER,12,401424619627.2
1988,PHL,1,1855539346158.9888
1988,PNG,0,54839695536.8469
1988,POL,21,0.0
1988,PRI,0,1926163400000.0
1988,PRK,0,0.0
1988,PRT,1,5578377818941.501
1988,PRY,0,55323885868.33329
1988,QAT,0,78496431428.57138
1988,ROU,58,8039476190476.189
1988,RWA,0,19163951020.1092
1988,SAU,0,1147330106902.5366
1988,SDN,0,114980444444.4448
1988,SEN,1,224644692932.50702
1988,SGP,0,685029487179.4884
1988,SLB,0,882472110.68527
1988,SLE,0,21101678907.5476
1988,SLV,0,29329160000.0
1988,SMR,0,0.0
1988,SOM,0,5191456422.48475
1988,SUR,1,11610000000.0
1988,SWE,46,78033976286721.69
1988,SWZ,0,10380250714.75698
1988,SYR,0,215466458797.3274
1988,TCD,0,8895583793.305141
1988,TCH,16,0.0
1988,TGO,0,8273084924.46822
1988,THA,1,925007997521.142
1988,TON,0,746600871.571394
1988,TPE,0,0.0
1988,TTO,0,44968520734.6896
1988,TUN,0,454333177896.94354
1988,TUR,2,6359696980349.419
1988,TZA,0,51004057724.632706
1988,UGA,0,195267949550.0001
1988,URS,366,0.0
1988,URY,0,147843278253.20502
1988,USA,214,4775631456000000.0
1988,VCT,0,1204360275.5555582
1988,VEN,0,1023849034482.7578
1988,VGB,0,0.0
1988,VIR,1,0.0
1988,VNM,0,305085751783.1292
1988,VUT,0,950108210.5988941
1988,WSM,0,1463176719.576715
1988,YAR,0,0.0
1988,YMD,0,0.0
1988,YUG,69,0.0
1988,ZMB,0,122549277108.43388
1988,ZWE,0,367294852700.0
1992,ABW,0,4793296089.385475
1992,AGO,0,274157762128.41983
1992,AHO,0,0.0
1992,ALB,0,5869574917.535736
1992,AND,0,26620300341.29686
1992,ARE,0,1952610187959.6838
1992,ARG,2,35919812900666.27
1992,ASM,0,0.0
1992,ATG,0,8987066666.666658
1992,AUS,57,140281998000461.38
1992,AUT,35,48379375426997.23
1992,BEL,3,25825981769134.25
1992,BEN,0,11867207139.92156
1992,BFA,0,13426770071.45668
1992,BGD,0,285379871347.4805
1992,BGR,17,3187958762886.59
1992,BHS,1,55962000000.0
1992,BIH,0,0.0
1992,BLZ,0,9334074600.0
1992,BMU,0,50397000000.0
1992,BOL,0,163672907063.1969
1992,BRA,14,81718798130926.1
1992,BRB,0,43054000000.0
1992,BRN,0,71265957446.80844
1992,BTN,0,2882589166.666668
1992,BWA,0,24879082333.98114
1992,CAF,0,29650268727.62955
1992,CAN,80,373796631918590.0
1992,CHE,8,84047045939411.1
1992,CHL,0,1241036844089.8572
1992,CHN,85,199796553551020.62
1992,CIV,0,200753483689.332
1992,CMR,0,144861304567.8036
1992,COD,0,156316816956.40048
1992,COG,0,29332227057.974
1992,COK,0,0.0
1992,COL,1,3563558112042.349
1992,CRI,0,222665144448.9961
1992,CUB,69,4328828215675.667
1992,CYM,0,0.0
1992,CYP,0,207364513689.70023
1992,DEU,236,1803309655604260.5
1992,DJI,0,3824466438.968944
1992,DNK,14,24007757753184.945
1992,DOM,0,371372240128.0
1992,DZA,2,2112135449095.7644
1992,ECU,0,271413571785.89252
1992,EGY,0,3474046881112.1504
1992,ESP,70,367193122593856.75
1992,EST,3,0.0
1992,ETH,3,251831833862.62323
1992,EUN,279,0.0
1992,FIN,20,27457934696044.496
1992,FJI,0,55166467065.86844
1992,FRA,69,938982168525400.8
1992,GAB,0,27961954242.63235
1992,GBR,50,710155036855037.1
1992,GHA,20,262969965675.05707
1992,GIN,0,36130825975.528015
1992,GMB,0,5714043684.027112
1992,GNQ,0,1077657474.844328
1992,GRC,2,11854916632105.867
1992,GRD,0,1550802222.22222
1992,GTM,0,428074528778.0913
1992,GUM,0,0.0
1992,GUY,0,2615011990.4076767
1992,HKG,0,6881970389892.246
1992,HND,0,148311012932.2104
1992,HRV,15,0.0
1992,HTI,0,18056973345.54816
1992,HUN,45,15995731985876.406
1992,IDN,6,6529375295578.164
1992,IND,0,18733547974957.66
1992,IOA,3,0.0
1992,IRL,2,4529401587833.312
1992,IRN,3,0.0
1992,IRQ,0,4429375661.375664
1992,ISL,0,325725159950.57874
1992,ISR,2,0.0
1992,ITA,66,806618765054203.5
1992,JAM,4,208592145298.6242
1992,JOR,0,26556645336.8638
1992,JPN,59,2063851396708918.0
1992,KEN,8,451502104445.50696
1992,KOR,56,134744076346634.1
1992,KWT,0,734766542944.7843
1992,LAO,0,7894648612.30591
1992,LBN,0,151933058183.43173
1992,LBY,0,169406960227.2725
1992,LIE,0,42411145640.734
1992,LKA,0,155248186173.8536
1992,LSO,0,6648271528.751752
1992,LTU,13,0.0
1992,LUX,2,201743134253.4504
1992,LVA,3,0.0
1992,MAR,3,2292352721293.04
1992,MCO,0,32846310780.66912
1992,MDG,0,63154439122.16234
1992,MDV,0,2848749195.77641
1992,MEX,1,63189422094154.984
1992,MLI,0,16984040284.78458
1992,MLT,0,24175281733.74616
1992,MMR,0,11080362885.5672
1992,MNG,2,64562981328.63873
1992,MOZ,0,18479672613.84405
1992,MRT,0,12985753248.99168
1992,MUS,0,70933886051.71176
1992,MWI,0,7198068326.25648
1992,MYS,2,1775026504888.68
1992,NAM,2,34295385343.6185
1992,NER,0,10158697776.05502
1992,NGA,11,3441234658662.4175
1992,NIC,0,16135200000.0
1992,NLD,37,107799973037593.94
1992,NOR,47,35326270818247.68
1992,NPL,0,6802423162.58352
1992,NZL,16,7705218524032.327
1992,OMN,0,62261378413.524
1992,PAK,16,1368768991747.542
1992,PAN,0,56296363900.0
1992,PER,1,755292348368.523
1992,PHL,1,2416892371817.736
1992,PNG,0,83181629691.06361
1992,POL,46,34055675300271.445
1992,PRI,1,3705456010000.0
1992,PRK,11,0.0
1992,PRT,0,12373091305316.271
1992,PRY,0,221880144962.87393
1992,QAT,1,229384619505.49442
1992,ROU,53,9244773333333.346
1992,RWA,0,20290267040.2707
1992,SAU,0,2330493903257.672
1992,SDN,0,49239537987.67969
1992,SEN,0,271943625425.87274
1992,SGP,0,1928819766728.0547
1992,SLB,0,269034595.812985
1992,SLE,0,10199969963.956755
1992,SLV,0,34880395800.0
1992,SMR,0,0.0
1992,SUR,1,3641400000.0
1992,SVN,6,0.0
1992,SWE,42,110316592850716.06
1992,SWZ,0,16701961044.8808
1992,SYC,0,9107011070.110695
1992,SYR,0,297966146993.3187
1992,TCD,0,13172933737.65264
1992,TCH,35,0.0
1992,TGO,0,15236631991.621979
1992,THA,1,7132983640221.888
1992,TON,0,685331452.750355
1992,TPE,20,0.0
1992,TTO,0,70714188235.29411
1992,TUN,0,232459294436.907
1992,TUR,6,11250598260869.592
1992,TZA,0,41412719371.76046
1992,UGA,0,25717120740.45792
1992,URY,0,231807597857.7102
1992,USA,238,6311676536000000.0
1992,VCT,0,2223644444.444448
1992,VEN,0,1630848552631.578
1992,VGB,0,0.0
1992,VIR,0,0.0
1992,VNM,0,98669902364.35869
1992,VUT,0,1672710596.867504
1992,WSM,0,661515206.81265
1992,YEM,0,51709199880.13184
1992,YUG,0,0.0
1992,ZAF,3,20720919004207.504
1992,ZMB,0,35001139664.8045
1992,ZWE,0,189041221600.0
1994,AND,0,13228138616.32094
1994,ARG,0,5148800000000.0
1994,ARM,0,2630317273.35106
1994,ASM,0,0.0
1994,AUS,4,15171944655828.45
1994,AUT,12,26459581556438.94
1994,BEL,0,1959073035929.584
1994,BGR,0,368501845018.45013
1994,BIH,0,15069629629.629599
1994,BLR,2,1104969788519.6382
1994,BMU,0,1867160100.0
1994,BRA,0,525369851353.742
1994,CAN,37,86142752636203.89
1994,CHE,16,31972619880090.707
1994,CHL,0,399058977070.7792
1994,CHN,3,24265960810354.234
1994,CYP,0,7425703928.57143
1994,CZE,0,5598473851172.487
1994,DEU,40,405733638664577.2
1994,DNK,0,1405461480520.707
1994,ESP,0,17508566937026.451
1994,EST,0,0.0
1994,FIN,30,11569593625498.049
1994,FJI,0,1825763267.53637
1994,FRA,11,235583084829867.72
1994,GBR,3,58164977043158.79
1994,GEO,0,17598495402.61911
1994,GRC,0,1749027029494.3801
1994,HRV,0,0.0
1994,HUN,0,1208667004586.1123
1994,ISL,0,89452444799.01184
1994,ISR,0,0.0
1994,ITA,32,212148820838136.5
1994,JAM,0,32715386312.59842
1994,JPN,10,624849693467621.2
1994,KAZ,3,1508806294913.4834
1994,KGZ,0,3362013986.01398
1994,KOR,9,20862782998319.746
1994,LIE,0,48702955692.03775
1994,LTU,0,0.0
1994,LUX,0,88508994453.822
1994,LVA,0,0.0
1994,MCO,0,19042170132.32513
1994,MDA,0,0.0
1994,MEX,0,527813238126.278
1994,MNG,0,1851634184.434968
1994,NLD,4,16302601193849.139
1994,NOR,30,20213902318068.395
1994,NZL,0,885035716466.2064
1994,POL,0,6537400099485.182
1994,PRI,0,238143780000.0
1994,PRT,0,398754565217.3912
1994,ROU,0,1443573143202.4177
1994,RUS,36,82176078659680.52
1994,SEN,0,5034588159.28612
1994,SMR,0,0.0
1994,SVK,0,1350916731522.125
1994,SVN,3,0.0
1994,SWE,24,34584068558838.723
1994,TPE,0,0.0
1994,TTO,0,9894411720.02902
1994,TUR,0,130690172297.297
1994,UKR,2,3152603230030.554
1994,USA,19,1727074932000000.0
1994,UZB,1,90294098934.3092
1994,VIR,0,0.0
1994,ZAF,0,460537877745.86096
1996,ABW,0,4139664804.46926
1996,AFG,0,0.0
1996,AGO,0,225793398165.5136
1996,AHO,0,0.0
1996,ALB,0,28796772023.43759
1996,AND,0,9791562853.01456
1996,ARE,0,294284935984.7452
1996,ARG,20,60145094750000.0
1996,ARM,2,60684819957.00904
1996,ASM,0,0.0
1996,ATG,0,12040862962.962969
1996,AUS,132,220599241274658.4
1996,AUT,3,21827087288796.473
1996,AZE,1,76232012088.80615
1996,BDI,1,6083236994.219651
1996,BEL,6,22615316091205.234
1996,BEN,0,16527816115.025528
1996,BFA,0,12932753735.4922
1996,BGD,0,185753936430.318
1996,BGR,21,2225254086565.4873
1996,BHS,5,129924000000.0
1996,BIH,0,33432543859.649162
1996,BLR,23,3822023153846.166
1996,BLZ,0,3208300000.0
1996,BMU,0,26953900000.0
1996,BOL,0,66572699562.52713
1996,BRA,63,213457034684023.34
1996,BRB,0,52000198876.34858
1996,BRN,0,35624910017.73048
1996,BTN,0,606871035.845328
1996,BWA,0,33934269899.52468
1996,CAF,0,5038955931.0053005
1996,CAN,50,256446926292629.44
1996,CHE,11,58561053608414.22
1996,CHL,0,1885785248053.9463
1996,CHN,106,378321062268239.9
1996,CIV,0,234925000575.1116
1996,CMR,0,210777250443.551
1996,COD,0,80800369154.73656
1996,COG,0,12703487688.521198
1996,COK,0,0.0
1996,COL,0,6023926775224.14
1996,COM,0,1584215190.533284
1996,CPV,0,1505937207.824049
1996,CRI,1,151819518594.19412
1996,CUB,55,4453091628600.0
1996,CYM,0,0.0
1996,CYP,0,240286042659.9744
1996,CZE,13,11388536278973.822
1996,DEU,124,1563275123472836.8
1996,DJI,0,2470023238.67185
1996,DMA,0,1753711111.1111102
1996,DNK,23,27206690226257.68
1996,DOM,0,291867069717.6704
1996,DZA,3,2206254378414.9067
1996,ECU,1,706339009504.7524
1996,EGY,0,2231780660377.3594
1996,ESP,66,246754173124917.88
1996,EST,0,248872987384.57535
1996,ETH,3,162410854881.85107
1996,FIN,4,13873563292777.648
1996,FJI,0,44702629516.14054
1996,FRA,51,727370814206950.8
1996,GAB,0,51246363031.4314
1996,GBR,26,555812294851792.6
1996,GEO,2,129991999359.94861
1996,GHA,0,277399388379.2048
1996,GIN,0,19344841509.59255
1996,GMB,0,10178845302.73956
1996,GNB,0,811259338.2543209
1996,GNQ,0,1859704291.486072
1996,GRC,8,26255090232163.082
1996,GRD,0,1834557222.22222
1996,GTM,0,438895397228.7892
1996,GUM,0,0.0
1996,GUY,0,6348654012.820509
1996,HKG,1,5110951475893.088
1996,HND,0,36505202905.40543
1996,HRV,28,2816794452581.2144
1996,HTI,0,20352601660.475212
1996,HUN,43,14697507872754.535
1996,IDN,6,10231635571873.785
1996,IND,1,21216440934795.832
1996,IRL,4,7503287842741.9375
1996,IRN,3,2167270773937.938
1996,IRQ,0,31301095864.0281
1996,ISL,0,111391234060.15034
1996,ISR,1,4186865323808.646
1996,ITA,71,603716202785796.6
1996,JAM,16,510177965279.7986
1996,JOR,0,34641796191.81945
1996,JPN,42,2205679407165530.2
1996,KAZ,11,2987022291626.1104
1996,KEN,8,650476355556.9546
1996,KGZ,0,96861241066.89552
1996,KHM,0,17533478597.86295
1996,KNA,0,4675222222.222216
1996,KOR,66,254440705202312.12
1996,KWT,0,850319639278.5573
1996,LAO,0,9368357751.7318
1996,LBN,0,13690217333.2697
1996,LBR,0,0.0
1996,LBY,0,139423076923.077
1996,LCA,0,6311111111.111112
1996,LIE,0,5008066504.85436
1996,LKA,0,152875122127.73682
1996,LSO,0,10407356034.70332
1996,LTU,11,678984090634.4414
1996,LUX,0,146267202605.8635
1996,LVA,1,328638686830.0151
1996,MAR,2,1640135201780.6555
1996,MCO,0,12550693165.79048
1996,MDA,3,84756108695.652
1996,MDG,0,69046057347.10095
1996,MDV,0,4053440951.5717893
1996,MEX,1,45618291079427.32
1996,MKD,0,74272293658.75375
1996,MLI,0,11121688190.9234
1996,MLT,0,38228828013.3397
1996,MMR,0,17278874226.80412
1996,MNG,1,24222950502.45894
1996,MOZ,1,11570399532.4827
1996,MRT,0,8528327527.65592
1996,MUS,0,159189980777.90964
1996,MWI,0,4562068262.72986
1996,MYS,3,4336781938150.8975
1996,NAM,2,39892086618.7519
1996,NER,0,7217061243.38385
1996,NGA,24,4290368467770.0
1996,NIC,0,120633853278.00827
1996,NLD,73,130642156862745.0
1996,NOR,23,18968332661477.836
1996,NPL,0,27129482288.82834
1996,NRU,0,0.0
1996,NZL,9,9048167753572.91
1996,OMN,0,76388816644.9935
1996,PAK,0,1519682947370.935
1996,PAN,0,88834446000.0
1996,PER,0,1823329666299.963
1996,PHL,1,1703665519722.6138
1996,PLE,0,0.0
1996,PNG,0,87640288315.62967
1996,POL,22,33160001112718.39
1996,PRI,1,4126015985000.0
1996,PRK,5,0.0
1996,PRT,3,16064541748115.371
1996,PRY,0,68518742463.66947
1996,QAT,0,117771425000.00008
1996,ROU,38,10490129095037.314
1996,RUS,115,216232139690962.88
1996,RWA,0,5529339517.63248
1996,SAU,0,5394521557329.763
1996,SCG,26,0.0
1996,SDN,0,36072972177.8062
1996,SEN,0,78716550607.91425
1996,SGP,0,3370356028368.7944
1996,SLB,0,2042321668.909824
1996,SLE,0,17893100901.488007
1996,SLV,0,95863278000.0
1996,SMR,0,0.0
1996,SOM,0,0.0
1996,STP,0,0.0
1996,SUR,0,9475526184.538656
1996,SVK,3,2736653602027.8867
1996,SVN,2,1010839934490.0845
1996,SWE,31,67976308082314.4
1996,SWZ,0,9616560602.88882
1996,SYC,0,4527616249.82394
1996,SYR,1,492370244988.864
1996,TCD,0,6429381800.18312
1996,TGO,0,10258138032.38924
1996,THA,2,10616036649607.2
1996,TJK,0,8349238578.68024
1996,TKM,0,16651319828.115417
1996,TON,1,1110502881.727415
1996,TPE,1,0.0
1996,TTO,2,92152603620.25616
1996,TUN,1,1018540784877.746
1996,TUR,6,11070008872235.855
1996,TZA,0,45473368154.272385
1996,UGA,1,72535023923.256
1996,UKR,34,15639884667942.059
1996,URY,0,307733145588.198
1996,USA,259,6773349358000000.0
1996,UZB,2,1325144760479.0454
1996,VCT,0,3977866666.666668
1996,VEN,0,3738790189312.247
1996,VGB,0,0.0
1996,VIR,0,0.0
1996,VNM,0,147944823448.5006
1996,VUT,0,1045480177.946456
1996,WSM,0,1249544853.294855
1996,YEM,0,23142741243.46672
1996,ZAF,5,18119283224059.74
1996,ZMB,1,28777767696.00136
1996,ZWE,0,179616078600.0
1998,AND,0,8483526784.719911
1998,ARG,0,1793689500000.0
1998,ARM,0,13256085060.85234
1998,AUS,1,13579751746591.598
1998,AUT,20,33612025277901.223
1998,AZE,0,17785474282.7604
1998,BEL,1,775585018893.0869
1998,BGR,1,511043640081.799
1998,BIH,0,49400393248.8492
1998,BLR,2,1628755354665.2825
1998,BMU,0,3130748000.0
1998,BRA,0,863711007325.493
1998,CAN,49,131872000000000.0
1998,CHE,14,35858117785901.46
1998,CHL,0,491971826736.6228
1998,CHN,14,90555792585184.08
1998,CYP,0,10248617647.0588
1998,CZE,23,7950084135657.909
1998,DEU,44,485860998110481.6
1998,DNK,5,3362846764863.9033
1998,ESP,0,14861156030738.375
1998,EST,0,272355866058.516
1998,FIN,58,17693110814419.258
1998,FRA,15,238994289526350.94
1998,GBR,4,74402633322292.05
1998,GEO,0,21681249100.59
1998,GRC,0,2310850759829.36
1998,HRV,0,335307396365.6131
1998,HUN,0,1168962895350.1777
1998,IND,0,421351477504.743
1998,IRL,0,901994101155.097
1998,IRN,0,110276913362.508
1998,ISL,0,102044317183.47252
1998,ISR,0,347997247967.16003
1998,ITA,17,227339402141183.6
1998,JAM,0,52723173734.61012
1998,JPN,13,1004098863835153.9
1998,KAZ,2,2523419051304.3535
1998,KEN,0,14093998843.7334
1998,KGZ,0,3291927499.66292
1998,KOR,12,30283143552346.125
1998,LIE,0,47114705476.6174
1998,LTU,0,202311858437.6346
1998,LUX,0,20150053345.1878
1998,LVA,0,351147497914.9289
1998,MCO,0,17606990660.440323
1998,MDA,0,6794870018.62196
1998,MKD,0,11297241914.96043
1998,MNG,0,3373320746.9349003
1998,NLD,11,21024394578982.465
1998,NOR,40,22970341281096.34
1998,NZL,0,506044528659.4032
1998,POL,0,13800177533521.32
1998,PRI,0,378604800000.0
1998,PRK,0,0.0
1998,PRT,0,247892655832.592
1998,ROU,0,1209129450202.793
1998,RUS,52,53378230911901.07
1998,SCG,0,0.0
1998,SVK,0,1910784042957.824
1998,SVN,0,1528090005770.3408
1998,SWE,7,39538123749984.24
1998,TPE,0,0.0
1998,TTO,0,12087388660.43218
1998,TUR,0,275967393939.394
1998,UKR,1,4355857113696.6704
1998,URY,0,25385928188.7719
1998,USA,34,2573840369368000.0
1998,UZB,0,59955884843.3532
1998,VEN,0,91331203433.1629
1998,VIR,0,0.0
1998,ZAF,0,458947625382.126
2000,ABW,0,9365921787.7095
2000,AGO,0,273887844558.22473
2000,AHO,0,0.0
2000,ALB,0,17401776290.2061
2000,AND,0,7145245992.2609
2000,ARE,0,521686861810.755
2000,ARG,20,46893618750000.0
2000,ARM,1,49700655390.10156
2000,ASM,0,0.0
2000,ATG,0,3305481481.48148
2000,AUS,183,327474053884318.06
2000,AUT,4,22491017304709.285
2000,AZE,3,168729548502.45856
2000,BDI,0,5222916395.298822
2000,BEL,7,22258491269372.273
2000,BEN,0,14079965305.93856
2000,BFA,0,11873479965.86916
2000,BGD,0,320218723911.74695
2000,BGR,13,1986875076531.81
2000,BHS,11,314982330000.0
2000,BIH,0,61241461658.03105
2000,BLR,22,2942213927264.4653
2000,BLZ,0,1664144900.0
2000,BMU,0,24361533000.0
2000,BOL,0,41989562626.3443
2000,BRA,48,154685772429206.8
2000,BRB,1,85666000000.0
2000,BRN,0,48253902357.20984
2000,BTN,0,848928179.795282
2000,BWA,0,52094966482.417946
2000,CAF,0,2750331847.953504
2000,CAN,31,314294381523129.75
2000,CHE,14,38618078935338.72
2000,CHL,17,4538493271746.279
2000,CHN,79,501497604014569.7
2000,CIV,0,298395600397.911
2000,CMR,18,412096579158.6423
2000,COD,0,57264138917.3913
2000,COG,0,16139638487.183249
2000,COK,0,0.0
2000,COL,1,5393875175859.264
2000,COM,0,702273136.883842
2000,CPV,0,1078454555.252822
2000,CRI,2,135122666927.8689
2000,CUB,65,8283223400000.0
2000,CYM,0,0.0
2000,CYP,0,239660267672.00763
2000,CZE,9,10016162972367.244
2000,DEU,118,1104505788903673.6
2000,DJI,0,1102461723.71301
2000,DMA,0,1333881481.48148
2000,DNK,25,20355683648105.25
2000,DOM,0,315974328041.2823
2000,DZA,5,2794310030055.889
2000,ECU,0,201605413706.8532
2000,EGY,0,10283370027887.857
2000,ERI,0,2119112446.7532482
2000,ESP,42,257894588116303.2
2000,EST,3,233149769648.94485
2000,ETH,8,222544586799.37646
2000,FIN,5,11089719820373.393
2000,FJI,0,15104152964.38977
2000,FRA,66,641850640572315.1
2000,FSM,0,1166359000.0
2000,GAB,0,30482900783.99568
2000,GBR,54,689782871841429.1
2000,GEO,6,143701340753.8576
2000,GHA,0,139524683428.15186
2000,GIN,0,17972166843.793022
2000,GMB,0,1565830804.84219
2000,GNB,0,1113286530.1432831
2000,GNQ,0,4183993985.75488
2000,GRC,18,22830107409976.3
2000,GRD,0,1560133111.11111
2000,GTM,0,347198888860.263
2000,GUM,0,0.0
2000,GUY,0,2850671586.910048
2000,HKG,0,7896735547797.529
2000,HND,0,143733002708.7854
2000,HRV,10,2358696344870.894
2000,HTI,0,34067887790.8814
2000,HUN,53,11237980602397.34
2000,IDN,8,8911134652201.74
2000,IND,1,32787645608365.9
2000,IOA,0,0.0
2000,IRL,1,7615778392673.084
2000,IRN,4,3726118065275.344
2000,IRQ,0,193457003775.6204
2000,ISL,1,261744150490.9942
2000,ISR,1,7682428400657.284
2000,ITA,65,524031340653846.6
2000,JAM,23,585329190870.452
2000,JOR,0,67683395204.51344
2000,JPN,44,1803514344572242.0
2000,KAZ,7,2890135195622.695
2000,KEN,7,749616069077.3304
2000,KGZ,1,97247883362.81238
2000,KHM,0,14616126865.07524
2000,KNA,0,1686783079.375672
2000,KOR,73,206847942986489.34
2000,KWT,1,1131385267275.099
2000,LAO,0,5193594067.3648205
2000,LBN,0,103562189054.7264
2000,LBR,0,8740000000.0
2000,LBY,0,114810620851.23001
2000,LCA,0,4662962962.96296
2000,LIE,0,4967906205.58976
2000,LKA,1,391939540319.4384
2000,LSO,0,5323771607.25093
2000,LTU,17,887407818731.1183
2000,LUX,0,191071646903.7324
2000,LVA,3,477531170336.03705
2000,MAR,5,2137148823498.964
2000,MCO,0,10591543394.1404
2000,MDA,2,45095028712.98285
2000,MDG,0,60180212182.71608
2000,MDV,0,2497348581.138488
2000,MEX,6,69374860968315.12
2000,MKD,1,56592857175.371994
2000,MLI,0,14807424768.668201
2000,MLT,0,28486609053.49798
2000,MMR,0,47945251521.69361
2000,MNG,0,26148610843.098537
2000,MOZ,1,22625894609.64588
2000,MRT,0,3559046688.68212
2000,MUS,0,121246154120.44382
2000,MWI,0,3487013062.65304
2000,MYS,0,5158435526315.792
2000,NAM,0,62755967837.68992
2000,NER,0,8967012480.85068
2000,NGA,8,6944875693258.33
2000,NIC,0,30643974042.5532
2000,NLD,79,118981611171741.48
2000,NOR,43,19693420095889.46
2000,NPL,0,27471261039.5251
2000,NRU,0,0.0
2000,NZL,4,9314320906336.45
2000,OMN,0,156059620286.0856
2000,PAK,0,2214479072239.671
2000,PAN,0,86128805000.0
2000,PER,0,1138384480930.686
2000,PHL,0,1840733258961.4033
2000,PLE,0,0.0
2000,PLW,0,731487500.0
2000,PNG,0,17606698495.37035
2000,POL,24,41332670670256.08
2000,PRI,0,2344668400000.0
2000,PRK,4,0.0
2000,PRT,2,7590732344152.832
2000,PRY,0,44278525697.792854
2000,QAT,1,337437912087.91187
2000,ROU,46,9387821272283.395
2000,RUS,187,156345505602559.7
2000,RWA,0,10337899112.180199
2000,SAU,2,4358843302906.659
2000,SCG,25,0.0
2000,SDN,0,36772254978.2202
2000,SEN,0,192421913895.64737
2000,SGP,0,2209712993039.444
2000,SLB,0,839690463.55794
2000,SLE,0,1907622006.5962439
2000,SLV,0,117849277000.0
2000,SMR,0,4020637552.97588
2000,SOM,0,0.0
2000,STP,0,0.0
2000,SUR,0,4738359848.48485
2000,SVK,6,3860017761144.6924
2000,SVN,3,1826066487300.903
2000,SWE,32,52041419964637.29
2000,SWZ,0,10428605118.30312
2000,SYC,0,5533917883.020055
2000,SYR,0,644720178173.7192
2000,TCD,0,4165520179.86279
2000,TGO,0,4475673323.87133
2000,THA,3,8594671892061.72
2000,TJK,0,3442084477.195012
2000,TKM,0,23237300838.56424
2000,TON,0,614548837.776828
2000,TPE,5,0.0
2000,TTO,2,236475808755.83362
2000,TUN,0,1009243306339.8273
2000,TUR,5,18378298256557.902
2000,TZA,0,53503905414.7976
2000,UGA,0,80512208882.25931
2000,UKR,35,11914103157972.152
2000,URY,1,387995348631.3599
2000,USA,242,7831724269708000.0
2000,UZB,4,1169643687391.69
2000,VCT,0,1711784154.748532
2000,VEN,0,7614147029411.78
2000,VGB,0,0.0
2000,VIR,0,0.0
2000,VNM,1,218207628823.2134
2000,VUT,0,816044079.1524179
2000,WSM,0,1294280693.536535
2000,YEM,0,19304872359.2921
2000,ZAF,5,24432292488198.473
2000,ZMB,0,28805464317.86032
2000,ZWE,0,173938897600.0
2002,AND,0,8779550159.98495
2002,ARG,0,2540824110548.365
2002,ARM,0,40397695822.79591
2002,AUS,2,16209051381331.111
2002,AUT,20,31730440267935.52
2002,AZE,0,24943427278.3378
2002,BEL,0,3358986791877.301
2002,BGR,3,885753706307.1732
2002,BIH,0,26915085274.3022
2002,BLR,1,1795092629815.7407
2002,BMU,0,3937228000.0
2002,BRA,0,5097952706851.9
2002,CAN,74,163539606831071.06
2002,CHE,24,51799354005517.71
2002,CHL,0,773243816400.7029
2002,CHN,16,158819401628416.44
2002,CMR,0,24834503631.7602
2002,CRI,0,33157641374.5762
2002,CYP,0,22840455769.2308
2002,CZE,3,13397948171271.828
2002,DEU,61,538327490025898.06
2002,DNK,0,1964986800891.741
2002,ESP,0,11340106833418.064
2002,EST,3,375766770274.08875
2002,FIN,13,23166735933517.77
2002,FJI,0,3666559970.73482
2002,FRA,15,264248051402962.88
2002,GBR,6,124885371702637.7
2002,GEO,0,20374368083.07144
2002,GRC,0,2627591460978.2183
2002,HKG,0,831746143686.9299
2002,HRV,4,785161957476.5421
2002,HUN,0,3110010280640.9463
2002,IND,0,514937948870.08
2002,IRL,0,1157364317595.609
2002,IRN,0,257253835007.44
2002,ISL,0,111820740658.31209
2002,ISR,0,848039326691.711
2002,ITA,21,252800329012961.4
2002,JAM,0,19438035851.85858
2002,JPN,2,849117747312342.8
2002,KAZ,0,2488295915558.0166
2002,KEN,0,26295487821.4482
2002,KGZ,0,6422572418.92084
2002,KOR,7,54570409083279.35
2002,LBN,0,57456716417.9103
2002,LIE,0,48395354805.59472
2002,LTU,0,299455404339.2499
2002,LVA,0,649878149158.7081
2002,MCO,0,20782909134.61539
2002,MDA,0,14956363515.8034
2002,MEX,0,2316319136806.131
2002,MKD,0,16073460989.77776
2002,MNG,0,5586222879.89636
2002,NLD,8,23219237023478.07
2002,NOR,41,32457014955284.42
2002,NPL,0,12101751613.32806
2002,NZL,0,1066043668983.192
2002,POL,2,10749891176470.566
2002,ROU,0,1888710180003.0251
2002,RUS,38,82912918660287.11
2002,SCG,0,0.0
2002,SMR,0,1168269230.76923
2002,SVK,0,2788525756469.218
2002,SVN,4,2255029466334.163
2002,SWE,26,42429000831869.78
2002,THA,0,268601702510.004
2002,TJK,0,2442241597.62672
2002,TPE,0,0.0
2002,TTO,0,27024821162.80185
2002,TUR,0,1201266081475.585
2002,UKR,0,4879157060789.242
2002,USA,84,3420812354915000.0
2002,UZB,0,58126731076.811035
2002,VEN,0,371574350934.6196
2002,VIR,0,26096000000.0
2002,ZAF,0,516352528807.384
2004,ABW,0,9018994413.40784
2004,AFG,0,26133894044.46045
2004,AGO,0,706561417452.903
2004,AHO,0,0.0
2004,ALB,0,50292800470.63132
2004,AND,0,17369530667.99106
2004,ARE,1,739121851599.7301
2004,ARG,49,29473769551048.87
2004,ARM,0,67955689567.90704
2004,ASM,0,1527000000.0
2004,ATG,0,4598648148.1481495
2004,AUS,157,369113952909375.5
2004,AUT,8,27734095707545.773
2004,AZE,5,321173705098.19885
2004,BDI,0,6406801263.7727
2004,BEL,3,25845029871024.418
2004,BEN,0,24761083024.54972
2004,BFA,0,27258444342.1487
2004,BGD,0,260434177000.17
2004,BGR,17,3112789473684.2095
2004,BHS,2,253548120000.0
2004,BIH,0,111733093650.79399
2004,BLR,15,4443715555555.564
2004,BLZ,0,2115307240.0693
2004,BMU,0,44847030000.0
2004,BOL,0,96507969266.6331
2004,BRA,40,212834004378356.1
2004,BRB,0,51667500000.0
2004,BRN,0,139373928959.68515
2004,BTN,0,1365047714.03354
2004,BWA,0,107489612478.4248
2004,CAF,0,5089442066.48088
2004,CAN,17,401435883166795.75
2004,CHE,7,55963322335343.766
2004,CHL,4,2873297674919.5283
2004,CHN,94,1012869748572227.4
2004,CIV,0,117552885541.15201
2004,CMR,1,357698090283.083
2004,COD,0,61784900887.338
2004,COG,0,23284874687.76135
2004,COK,0,0.0
2004,COL,2,8312788086827.067
2004,COM,0,1901118447.75078
2004,CPV,0,2772955472.2794
2004,CRI,0,390822491770.3743
2004,CUB,62,6761931000000.0
2004,CYM,0,0.0
2004,CYP,0,363731602500.0
2004,CZE,13,20488268274461.324
2004,DEU,149,1666097490660575.5
2004,DMA,0,734400000.0
2004,DNK,29,28907895339753.93
2004,DOM,1,736639047144.9042
2004,DZA,0,6058613264391.36
2004,ECU,0,658649898000.0
2004,EGY,5,8193376623376.62
2004,ERI,1,5545270027.198549
2004,ESP,30,452210550640796.25
2004,EST,3,546566031055.89905
2004,ETH,7,273542056058.9367
2004,FIN,2,13231122746603.117
2004,FJI,0,24372706289.671078
2004,FRA,53,977150896733444.6
2004,FSM,0,1201180000.0
2004,GAB,0,38851097398.6324
2004,GBR,57,871853167337972.4
2004,GEO,4,199889242487.47897
2004,GHA,0,257559687604.22458
2004,GIN,0,14541832530.61268
2004,GMB,0,2885700320.678253
2004,GNB,0,1596188782.147314
2004,GNQ,0,8821528677.33466
2004,GRC,31,120240817555827.38
2004,GRD,0,2995592962.962965
2004,GTM,0,447968438306.17334
2004,GUM,0,15476000000.0
2004,GUY,0,3151257516.735372
2004,HKG,2,7102190292758.105
2004,HND,0,44346557054.756546
2004,HRV,21,4195883354109.95
2004,HTI,0,48295679317.79184
2004,HUN,40,26868388997454.08
2004,IDN,5,10016638136522.627
2004,IND,1,57441029699177.38
2004,IRL,0,10690466327258.574
2004,IRN,6,7031607056699.117
2004,IRQ,0,879069642289.5121
2004,ISL,0,470060286216.1766
2004,ISR,2,6236282010709.491
2004,ITA,104,856301367090595.5
2004,JAM,13,630829220944.7512
2004,JOR,0,91291123272.2144
2004,JPN,93,2025750026341815.8
2004,KAZ,8,5609714110339.247
2004,KEN,7,740385506316.4835
2004,KGZ,0,70769106720.1088
2004,KHM,0,21351332992.15696
2004,KIR,0,307101117.81144303
2004,KNA,0,1013800000.0
2004,KOR,52,272852202703174.72
2004,KWT,0,653829996606.7189
2004,LAO,0,11831990599.4105
2004,LBN,0,105799139960.19899
2004,LBR,0,1794000000.0
2004,LBY,0,264978461538.4616
2004,LCA,0,2133333333.33334
2004,LIE,0,3454362685.96703
2004,LKA,0,165300207530.388
2004,LSO,0,4533709966.56141
2004,LTU,3,1583925521609.5361
2004,LUX,0,490907813100.5902
2004,LVA,4,649606524001.56
2004,MAR,3,3398683149255.751
2004,MCO,0,12413740500.0
2004,MDA,0,85742235344.69472
2004,MDG,0,40517861725.8092
2004,MDV,0,4907318250.0
2004,MEX,4,107166962471912.12
2004,MKD,0,79559035739.8011
2004,MLI,0,114539231576.9917
2004,MLT,0,42686647857.49875
2004,MMR,0,18781710595.47106
2004,MNG,1,41833402970.01558
2004,MOZ,0,30524482133.44672
2004,MRT,0,4725002046.48498
2004,MUS,0,59209600374.56592
2004,MWI,0,13904377995.50068
2004,MYS,0,4740480000000.018
2004,NAM,0,66091988327.6313
2004,NER,0,15041775862.91904
2004,NGA,8,10774492366472.523
2004,NIC,0,34773409227.87192
2004,NLD,77,173812341527926.22
2004,NOR,7,15870697840018.98
2004,NPL,0,43643629888.31928
2004,NRU,0,0.0
2004,NZL,6,19118558655462.254
2004,OMN,0,49527425747.7244
2004,PAK,0,2801751780441.198
2004,PAN,0,75066908500.0
2004,PER,0,934761848965.9618
2004,PHL,0,1995042598598.4983
2004,PLE,0,0.0
2004,PLW,0,660744800.0
2004,PNG,0,23562947201.787903
2004,POL,12,57144680664916.99
2004,PRI,0,4176760276000.0
2004,PRK,5,0.0
2004,PRT,3,17612537395491.72
2004,PRY,17,211737698398.448
2004,QAT,0,476010989010.98846
2004,ROU,39,14469725127922.293
2004,RUS,189,350472897610479.2
2004,RWA,0,11876884365.5457
2004,SAU,0,4139876208640.0
2004,SCG,13,0.0
2004,SDN,0,106581962700.1668
2004,SEN,0,211613162840.15253
2004,SGP,0,2530780972665.946
2004,SLB,0,795115048.031318
2004,SLE,0,2897073261.76286
2004,SLV,0,123523298100.0
2004,SMR,0,8618750000.0
2004,SOM,0,0.0
2004,STP,0,229165123.254194
2004,SUR,0,5936370153.62108
2004,SVK,10,4824745335403.308
2004,SVN,5,3510308019431.99
2004,SWE,12,60463533045762.01
2004,SWZ,0,8310248374.51236
2004,SYC,0,8393199272.72727
2004,SYR,1,677180044543.428
2004,TCD,0,4422855929.21428
2004,TGO,0,6779977926.87042
2004,THA,8,8817683231234.346
2004,TJK,0,18685642147.78653
2004,TKM,0,68383510884.6688
2004,TLS,0,881529200.0
2004,TON,0,1153289827.44293
2004,TPE,9,0.0
2004,TTO,1,345287153198.9204
2004,TUN,0,1995715776796.4673
2004,TUR,11,30256827156225.875
2004,TZA,0,150083535732.8157
2004,UGA,0,87334362212.49498
2004,UKR,47,23997595036661.023
2004,URY,0,246353938022.1438
2004,USA,263,8869682261748000.0
2004,UZB,5,950371860282.5752
2004,VCT,0,1649700510.293478
2004,VEN,2,5960029263469.596
2004,VGB,0,0.0
2004,VIR,0,34173000000.0
2004,VNM,0,499706401625.80945
2004,VUT,0,729993738.259236
2004,WSM,0,1223248730.611989
2004,YEM,0,41618374975.6461
2004,ZAF,10,32743248818118.527
2004,ZMB,0,37326466048.672264
2004,ZWE,3,81278377600.0
2006,ALB,0,26688218756.9442
2006,AND,0,34564421026.22
2006,ARG,0,3953473433894.2363
2006,ARM,0,57460064455.2789
2006,AUS,2,33640026954177.914
2006,AUT,30,44388968491878.25
2006,AZE,0,41965972688.6054
2006,BEL,0,3266078726950.584
2006,BGR,1,1512711591098.5715
2006,BIH,0,115781497787.1852
2006,BLR,1,2586801864801.868
2006,BMU,0,6144000000.0
2006,BRA,0,13291520536879.559
2006,CAN,69,402375766925245.8
2006,CHE,21,80328144878768.53
2006,CHL,0,2307600777210.885
2006,CHN,13,401811238910402.3
2006,CRI,0,22715540324.3032
2006,CYP,0,40145572701.0412
2006,CZE,27,26564896262989.312
2006,DEU,54,787607057852188.4
2006,DNK,0,1131539790811.864
2006,DZA,0,351081922622.67
2006,ESP,0,35291171379289.28
2006,EST,3,1072440835528.7908
2006,ETH,0,15280861834.6024
2006,FIN,41,30392497770846.96
2006,FRA,15,368965259187447.3
2006,GBR,1,146721229070837.4
2006,GEO,0,30981577173.66884
2006,GRC,0,2188373827784.584
2006,HKG,0,580608795283.092
2006,HRV,3,2339596259648.0093
2006,HUN,0,3704040534245.92
2006,IND,0,4701299443960.705
2006,IRL,0,1160903085811.395
2006,IRN,0,798896734983.432
2006,ISL,0,209583822627.52924
2006,ISR,0,924872971856.904
2006,ITA,25,565369998622995.6
2006,JPN,1,874315993303484.8
2006,KAZ,0,7857376800904.76
2006,KEN,0,25825524820.8064
2006,KGZ,0,5668337778.84038
2006,KOR,19,89523437340442.61
2006,LBN,0,154158968960.7961
2006,LIE,0,48002871271.33512
2006,LTU,0,422570051449.3668
2006,LUX,0,42910146296.0646
2006,LVA,1,1984447037873.086
2006,MCO,0,45829883327.06061
2006,MDA,0,34082445491.999897
2006,MDG,0,12791424784.47364
2006,MKD,0,34306111659.81585
2006,MNG,0,6828111132.2276
2006,NLD,13,46239182003625.85
2006,NOR,23,55638600564451.94
2006,NPL,0,9043715355.8881
2006,NZL,0,2007698592827.97
2006,POL,2,31360602281515.87
2006,PRK,0,0.0
2006,PRT,0,208756449275.848
2006,ROU,0,6467218867924.529
2006,RUS,41,280150343464870.66
2006,SCG,0,0.0
2006,SEN,0,35093756408.3766
2006,SMR,0,1908167105.75837
2006,SVK,1,8067476637158.285
2006,SVN,0,3790180323673.3154
2006,SWE,64,71079697487192.02
2006,THA,0,221758196504.936
2006,TJK,0,8490662139.21903
2006,TPE,0,0.0
2006,TUR,0,9469983093874.701
2006,UKR,3,12195438019802.031
2006,USA,52,4490065758100000.0
2006,UZB,0,69323335411.676
2006,VEN,0,183477522123.894
2006,ZAF,0,2734747867341.063
2008,ABW,0,5686033519.55308
2008,AFG,1,40437220731.808
2008,AGO,0,2921774156575.606
2008,AHO,0,0.0
2008,ALB,0,154576242094.24683
2008,AND,0,20428152922.2206
2008,ARE,0,2839271541647.3823
2008,ARG,51,52425915381010.76
2008,ARM,6,303213058560.7578
2008,ASM,0,2240000000.0
2008,ATG,0,6850351851.85185
2008,AUS,149,601422461951658.6
2008,AUT,3,40180830014793.88
2008,AZE,7,2149509250243.4277
2008,BDI,0,4835507705.718901
2008,BEL,5,57940745847048.734
2008,BEN,0,48938677130.04485
2008,BFA,0,56708618153.81166
2008,BGD,0,458156391196.6185
2008,BGR,5,4736190078528.159
2008,BHS,7,347358000000.0
2008,BIH,0,133789175554.2244
2008,BLR,29,14400945505617.973
2008,BLZ,0,5410355470.91108
2008,BMU,0,41880000000.0
2008,BOL,0,116720272633.07669
2008,BRA,78,573199122432084.1
2008,BRB,0,47849250790.3312
2008,BRN,0,385663563829.7865
2008,BTN,0,2455617581.3466
2008,BWA,0,120395774861.2113
2008,CAF,0,5980223659.6920595
2008,CAN,35,697292371134020.8
2008,CHE,11,66155286876558.016
2008,CHL,1,5210238692712.564
2008,CHN,184,3353844133847625.5
2008,CIV,0,749721355372.198
2008,CMR,1,886884626568.6112
2008,COD,0,98942579369.471
2008,COG,0,58249288310.694
2008,COK,0,0.0
2008,COL,2,21796825581069.75
2008,COM,0,2746977578.475336
2008,CPV,0,3578667497.3598
2008,CRI,0,246413959048.0008
2008,CUB,47,9627664166666.662
2008,CYM,0,27516684420.594963
2008,CYP,0,501204581807.5296
2008,CZE,7,37417004750552.1
2008,DEU,99,2089857364238392.0
2008,DJI,0,1998210678.535458
2008,DMA,0,916377777.777778
2008,DNK,19,38162992192385.37
2008,DOM,2,1299308773784.0789
2008,DZA,2,9747039892974.58
2008,ECU,1,1605828510000.0
2008,EGY,1,18886909090909.113
2008,ERI,0,15182076800.0
2008,ESP,70,579311540211080.8
2008,EST,3,1290108967335.5796
2008,ETH,7,784940466421.4612
2008,FIN,5,20000141779570.33
2008,FJI,0,21139115517.34956
2008,FRA,77,1312776093810997.8
2008,FSM,0,1315725500.0
2008,GAB,0,62285399103.1392
2008,GBR,81,1234330588235295.8
2008,GEO,6,486212905822.37616
2008,GHA,0,258108317019.8613
2008,GIN,0,34820895969.2209
2008,GMB,0,4685290311.0975
2008,GNB,0,2604464125.5605373
2008,GNQ,0,59249680608.9612
2008,GRC,7,62639929348030.32
2008,GRD,0,7433784333.333333
2008,GTM,0,500550216798.94135
2008,GUM,0,32606000000.0
2008,GUY,0,12100751694.34468
2008,HKG,0,10306144886217.709
2008,HND,0,360924226875.0196
2008,HRV,5,8843830781007.04
2008,HTI,0,73396577472.2607
2008,HUN,27,34208874642459.453
2008,IDN,7,13265944509798.707
2008,IND,3,80326004003213.17
2008,IRL,3,17353190701416.969
2008,IRN,2,22678489484576.695
2008,IRQ,0,526457734848.98
2008,ISL,14,560313312597.5735
2008,ISR,1,13002692976588.6
2008,ITA,42,1105572805061832.8
2008,JAM,14,904820537631.1597
2008,JOR,0,158603636747.9214
2008,JPN,51,2333752355613176.0
2008,KAZ,13,19482475388032.508
2008,KEN,15,1687072206408.936
2008,KGZ,2,113079071268.03848
2008,KHM,0,41407656372.6892
2008,KIR,0,282085220.60057
2008,KNA,0,4666147999.999998
2008,KOR,78,344574534364107.25
2008,KWT,0,1179160714285.712
2008,LAO,0,21785736126.76168
2008,LBN,0,174713496633.6318
2008,LBR,0,6904000000.0
2008,LBY,0,520248447204.969
2008,LCA,0,5750924444.44444
2008,LIE,0,10162865848.0288
2008,LKA,0,366424310787.58435
2008,LSO,0,8834127063.8648
2008,LTU,5,3728209023854.8193
2008,LUX,0,1118041276328.9902
2008,LVA,3,1900276534132.4368
2008,MAR,2,4532855631394.915
2008,MCO,0,32382452028.70955
2008,MDA,1,181645496535.79678
2008,MDG,0,64350827584.9716
2008,MDV,0,9086584750.0
2008,MEX,4,114328873549421.88
2008,MHL,0,759494500.0
2008,MKD,0,69366838875.79208
2008,MLI,0,167252852546.29602
2008,MLT,0,54542440603.486145
2008,MMR,0,161091110824.7161
2008,MNE,0,90913490552.21921
2008,MNG,4,174319709914.9241
2008,MOZ,0,50224780754.3848
2008,MRT,0,10412888813.32308
2008,MUS,1,109894070179.38481
2008,MWI,0,21284048769.34476
2008,MYS,1,9694183704058.98
2008,NAM,0,94682228389.30164
2008,NER,0,29190403587.44396
2008,NGA,23,30213383195839.688
2008,NIC,0,59478626257.620575
2008,NLD,61,269379209395529.56
2008,NOR,22,47149500000000.0
2008,NPL,0,100363508843.1672
2008,NRU,0,0.0
2008,NZL,15,26759405356013.215
2008,OMN,0,243621810143.0428
2008,PAK,0,3741711910338.71
2008,PAN,1,125779443000.0
2008,PER,0,1567157797600.733
2008,PHL,0,3087617811629.543
2008,PLE,0,0.0
2008,PLW,0,991419500.0
2008,PNG,0,105037568386.35571
2008,POL,20,168620469865515.44
2008,PRI,0,2902818300000.0
2008,PRK,6,0.0
2008,PRT,2,22917226332295.31
2008,PRY,0,172306936829.0214
2008,QAT,0,2305401098901.0996
2008,ROU,22,36861944181984.125
2008,RUS,142,996507832574868.0
2008,RWA,0,20708923693.15316
2008,SAU,0,9356341295520.0
2008,SDN,1,583487420438.2356
2008,SEN,0,286517850007.3986
2008,SGP,3,6970031521662.3125
2008,SLB,0,2097610849.391448
2008,SLE,0,7516376115.10014
2008,SLV,0,251816460000.0
2008,SMR,0,9573751281.67568
2008,SOM,0,0.0
2008,SRB,15,5062839482444.568
2008,STP,0,752084762.371388
2008,SUR,0,14131876138.43352
2008,SVK,10,6758953499993.861
2008,SVN,5,4071898224995.2456
2008,SWE,7,87492339215002.12
2008,SWZ,0,13176373940.83184
2008,SYC,0,9671995939.60157
2008,SYR,0,1526629844097.995
2008,TCD,0,20787669441.704
2008,TGO,1,13294708520.17936
2008,THA,4,15443298532417.994
2008,TJK,2,82581397382.4584
2008,TKM,0,192715231788.07898
2008,TLS,0,648492700.0
2008,TON,0,1033285827.020202
2008,TPE,4,0.0
2008,TTO,6,975505557233.9456
2008,TUN,1,1300968103238.3738
2008,TUR,7,54702813090510.98
2008,TUV,0,95621540.01006539
2008,TZA,0,251470596910.5783
2008,UGA,0,158844444236.3691
2008,UKR,31,61512342990583.09
2008,URY,0,394760770550.8064
2008,USA,317,1.1269401586093e+16
2008,UZB,6,2038911282984.5322
2008,VCT,0,1465326527.040244
2008,VEN,1,39810126952345.42
2008,VGB,0,0.0
2008,VIR,0,33952000000.0
2008,VNM,1,1784345473784.2932
2008,VUT,0,1772244711.064971
2008,WSM,0,4489423224.271328
2008,YEM,0,215286810894.044
2008,ZAF,1,56587652837517.5
2008,ZMB,0,143286869103.2384
2008,ZWE,4,70651244800.0
2010,ALB,0,23853845657.9822
2010,AND,0,68998514777.2138
2010,ARG,0,8472548441849.8
2010,ARM,0,55561709626.78686
2010,AUS,3,56231869990310.766
2010,AUT,26,51780314158144.05
2010,AZE,0,211637179167.7048
2010,BEL,0,4814208829050.01
2010,BGR,0,2077964503181.2656
2010,BIH,0,171767810658.902
2010,BLR,3,5436136623027.858
2010,BMU,0,6634526000.0
2010,BRA,0,15461866760039.629
2010,CAN,90,498141757185768.06
2010,CHE,12,114652553746509.0
2010,CHL,0,2171054200165.3298
2010,CHN,19,773069812062862.8
2010,COL,0,573126210384.912
2010,CYM,0,4156990816.04561
2010,CYP,0,102929730876.3092
2010,CZE,9,35960029845666.445
2010,DEU,54,880513965380002.5
2010,DNK,0,7405891426234.546
2010,DZA,0,161207270185.25
2010,ESP,0,49773786992416.91
2010,EST,1,1249502548839.904
2010,ETH,0,29933790334.3418
2010,FIN,47,36415949379233.38
2010,FRA,14,518456824894867.3
2010,GBR,1,194306587289426.06
2010,GEO,0,110191550244.06691
2010,GHA,0,32197272797.2028
2010,GRC,0,3565499543658.0117
2010,HKG,0,685913092725.12
2010,HRV,3,2235762689284.0703
2010,HUN,0,4231396293075.456
2010,IND,0,5026846006801.68
2010,IRL,0,1553132078984.5
2010,IRN,0,3407653307283.029
2010,ISL,0,96258133424.17859
2010,ISR,0,938618358239.892
2010,ITA,5,444308790689227.4
2010,JAM,0,13220556882.7046
2010,JPN,7,881137980659005.9
2010,KAZ,1,14804734824064.3
2010,KGZ,0,14383073385.21417
2010,KOR,18,96101625087257.16
2010,LBN,0,230663442253.9302
2010,LIE,0,25411832390.4497
2010,LTU,0,482673022367.15894
2010,LVA,3,1940449209201.1575
2010,MAR,0,186433493323.1954
2010,MCO,0,32205753678.90762
2010,MDA,0,76724806319.38705
2010,MEX,0,2115602591168.1
2010,MKD,0,37628674809.7252
2010,MNE,0,8286066551.76986
2010,MNG,0,14378963648.14576
2010,NLD,11,55079755836083.42
2010,NOR,39,81463837308699.8
2010,NPL,0,16002656434.4746
2010,NZL,0,3223385905987.588
2010,PAK,0,177165635077.065
2010,PER,0,737644685143.8901
2010,POL,8,50862422976154.984
2010,PRK,0,0.0
2010,PRT,0,238113003233.284
2010,ROU,0,8149158406494.86
2010,RUS,25,425451973695320.8
2010,SEN,0,32242629341.9306
2010,SMR,0,1881214370.93994
2010,SRB,0,627292030377.3766
2010,SVK,3,9715726063360.771
2010,SVN,3,5158281704230.161
2010,SWE,18,85279760121049.31
2010,TJK,0,22568714318.33752
2010,TPE,0,0.0
2010,TUR,0,6992933399520.894
2010,UKR,0,13414937118806.361
2010,USA,97,5131696875404000.0
2010,UZB,0,248828382012.2475
2010,ZAF,0,834730153936.514
2012,ABW,0,10460335195.53072
2012,AFG,1,119443902393.9996
2012,AGO,0,4374935544625.135
2012,ALB,0,123198304373.46701
2012,AND,0,19131916592.17104
2012,ARE,0,9739357099764.525
2012,ARG,19,80805391603766.94
2012,ARM,3,329198921506.1567
2012,ASM,0,2560000000.0
2012,ATG,0,4799792592.5926
2012,AUS,114,794905399051349.2
2012,AUT,0,36846163444547.79
2012,AZE,10,4111352214867.62
2012,BDI,0,14000048249.379421
2012,BEL,3,70453708949311.23
2012,BEN,0,55706794725.6745
2012,BFA,0,62805080457.3365
2012,BGD,0,933490246377.346
2012,BGR,2,4072564306833.1123
2012,BHS,4,310894500000.0
2012,BIH,0,137769539896.2368
2012,BLR,23,12151743972652.041
2012,BLZ,0,4594046859.55176
2012,BMU,0,51025504000.0
2012,BOL,0,135422487409.55151
2012,BRA,59,754359857931567.0
2012,BRB,0,36880767982.16832
2012,BRN,1,487634140051.6251
2012,BTN,0,3562562563.15824
2012,BWA,1,57520016700.4776
2012,CAF,0,15060760194.321358
2012,CAN,55,647241734458646.4
2012,CHE,4,87205821442347.64
2012,CHL,0,11755738391762.904
2012,CHN,125,4086938163769958.5
2012,CIV,0,363023055782.48706
2012,CMR,0,964962066370.3488
2012,COD,0,117224943305.554
2012,COG,0,123850378963.93889
2012,COK,0,0.0
2012,COL,8,44510558458060.92
2012,COM,0,3047530106.3702397
2012,CPV,0,5225429426.89326
2012,CRI,0,519548170491.2389
2012,CUB,14,8630638000000.0
2012,CYM,0,30038112775.36167
2012,CYP,1,324720674547.0896
2012,CZE,14,33208377371983.188
2012,DEU,94,1798843026280431.8
2012,DJI,0,5414531766.0828
2012,DMA,0,971992592.592592
2012,DNK,16,48745192628008.414
2012,DOM,2,2184535339048.7856
2012,DZA,1,8153300686132.875
2012,ECU,0,3165283584000.0
2012,EGY,2,36843400000000.05
2012,ERI,0,0.0
2012,ESP,63,449088322710975.94
2012,EST,2,828689402562.7212
2012,ETH,7,1472564528078.8186
2012,FIN,5,17822014155713.65
2012,FJI,0,35748113134.81203
2012,FRA,82,1143244151428023.0
2012,FSM,0,1963492200.0
2012,GAB,1,360579771174.6972
2012,GBR,126,1859904305247960.5
2012,GEO,7,593582510749.1075
2012,GHA,0,288896683160.7213
2012,GIN,0,30552181017.71456
2012,GMB,0,2830012476.19018
2012,GNB,0,3957084918.548648
2012,GNQ,0,44776691620.4932
2012,GRC,3,27833370320341.918
2012,GRD,1,6399058074.074072
2012,GTM,1,1190255067401.9614
2012,GUM,0,42120000000.0
2012,GUY,0,24378535151.2515
2012,HKG,1,14444619282141.182
2012,HND,0,463215047533.10004
2012,HRV,35,6748696936953.53
2012,HTI,0,68544632331.366
2012,HUN,26,25900331465802.832
2012,IDN,2,20193138022326.477
2012,IND,6,173625596617891.5
2012,IOA,0,0.0
2012,IRL,5,17137757632706.922
2012,IRN,12,36710024095530.36
2012,IRQ,0,1744019853901.528
2012,ISL,0,531054292807.5948
2012,ISR,0,14471357833157.68
2012,ITA,68,797217824905851.2
2012,JAM,25,918039387131.0138
2012,JOR,0,284711055211.2672
2012,JPN,84,2502672835445907.0
2012,KAZ,13,27455811090284.15
2012,KEN,11,2876232006303.118
2012,KGZ,0,99077099001.15945
2012,KHM,0,84326659280.7834
2012,KIR,0,568890344.566761
2012,KNA,0,5783621407.40741
2012,KOR,61,398869421914888.1
2012,KWT,1,2088844587352.62
2012,LAO,0,30578546778.774597
2012,LBN,0,440167995158.209
2012,LBR,0,8374842000.0
2012,LBY,0,370152017119.7592
2012,LCA,0,6420587111.11112
2012,LIE,0,21824037538.65844
2012,LKA,0,547475274520.8984
2012,LSO,0,9910809011.20312
2012,LTU,5,3090776708986.416
2012,LUX,0,657540218800.9622
2012,LVA,3,1408495133468.92
2012,MAR,1,6583842543229.335
2012,MCO,0,34458178080.4317
2012,MDA,2,174182775295.18317
2012,MDG,0,81052824215.69339
2012,MDV,0,14430852858.4817
2012,MEX,24,142929708454838.53
2012,MHL,0,721745200.0
2012,MKD,0,38981004504.0436
2012,MLI,0,74652211968.20999
2012,MLT,0,47311191057.43285
2012,MMR,0,349912065869.6952
2012,MNE,14,138982677630.73376
2012,MNG,5,393368660198.2944
2012,MOZ,0,98104880921.94481
2012,MRT,0,13456417672.44286
2012,MUS,0,128355540765.3915
2012,MWI,0,18085463786.50053
2012,MYS,2,11948839678839.662
2012,NAM,0,117378066892.0401
2012,NER,0,56561480095.33914
2012,NGA,0,26419088425378.883
2012,NIC,0,63192039648.868195
2012,NLD,69,186240977022135.88
2012,NOR,17,35155935883111.33
2012,NPL,0,108515532509.837
2012,NRU,0,193854402.9696844
2012,NZL,27,35946158583394.89
2012,OMN,0,262226527958.38742
2012,PAK,0,4712056037420.97
2012,PAN,0,323437875200.0
2012,PER,0,3082383985441.312
2012,PHL,0,2881125609456.105
2012,PLE,0,0.0
2012,PLW,0,1061989000.0
2012,PNG,0,170365273948.9344
2012,POL,12,127622033471518.47
2012,PRI,2,2843814400000.0
2012,PRK,6,0.0
2012,PRT,2,21189975576639.785
2012,PRY,0,332964383064.747
2012,QAT,2,2615669033069.792
2012,ROU,16,26448549824116.246
2012,RUS,140,1212354379730089.2
2012,RWA,0,53554700338.64832
2012,SAU,4,16927421397019.271
2012,SDN,0,379172997145.25635
2012,SEN,0,565147895231.9264
2012,SGP,4,10623139953588.863
2012,SLB,0,4764182292.79964
2012,SLE,0,7603725222.72828
2012,SLV,0,235247650000.0
2012,SMR,0,6419118591.80264
2012,SOM,0,0.0
2012,SRB,16,5803439891421.598
2012,STP,0,501361691.495674
2012,SUR,0,24900000000.0
2012,SVK,5,6126456786475.291
2012,SVN,5,3633067868352.2417
2012,SWE,22,92817266183510.73
2012,SWZ,0,14659599098.66016
2012,SYC,0,6356978821.317539
2012,SYR,0,441177996067.10803
2012,TCD,0,24734727355.2398
2012,TGO,0,23239850335.800358
2012,THA,3,17095003587158.309
2012,TJK,1,122128796673.49136
2012,TKM,0,351642105263.158
2012,TLS,0,2320779000.0
2012,TON,0,1412142250.280253
2012,TPE,2,0.0
2012,TTO,10,979705082708.5547
2012,TUN,3,4116070875216.08
2012,TUR,5,104786208717761.69
2012,TUV,0,118036860.6336717
2012,TZA,0,237903181285.97217
2012,UGA,1,436894652180.6688
2012,UKR,26,55508094606432.21
2012,URY,0,1384138533145.2542
2012,USA,248,1.119898686647e+16
2012,UZB,3,3780971555875.41
2012,VCT,0,2190097800.338355
2012,VEN,1,32409330217051.695
2012,VGB,0,0.0
2012,VIR,0,36801000000.0
2012,VNM,0,4694219320145.951
2012,VUT,0,3739198488.732965
2012,WSM,0,6844946199.290613
2012,YEM,0,141605366652.17
2012,ZAF,9,62988079037442.59
2012,ZMB,0,178521422940.182
2012,ZWE,0,154033649100.0
2014,ALB,0,26456295032.2336
2014,AND,0,39260227159.95852
2014,ARG,0,10526393474632.76
2014,ARM,0,69657077638.5252
2014,AUS,3,123270404847149.28
2014,AUT,27,94270565655925.23
2014,AZE,0,300977177100.5992
2014,BEL,0,5889292201441.198
2014,BGR,0,2682854529236.1963
2014,BIH,0,259852059565.8078
2014,BLR,6,5674596478873.243
2014,BMU,0,6413988000.0
2014,BRA,0,41752744022488.41
2014,CAN,86,648264206359938.5
2014,CHE,30,160832853437088.12
2014,CHL,0,3631672828112.014
2014,CHN,12,1141849438345149.2
2014,CYM,0,9126035703.24872
2014,CYP,0,46313700013.2854
2014,CZE,11,37475231313982.89
2014,DEU,36,1053944216827373.9
2014,DMA,0,520207407.407407
2014,DNK,0,5294904474265.62
2014,ESP,0,53477685788891.516
2014,EST,0,1757849541696.5144
2014,FIN,33,40404835535506.93
2014,FRA,18,574048862206628.1
2014,GBR,10,240798917031103.06
2014,GEO,0,123389024183.0435
2014,GRC,0,3060955730619.904
2014,HKG,0,291459356985.337
2014,HRV,1,1458257243917.285
2014,HUN,0,5219922438216.975
2014,IND,0,4078254892597.1
2014,IOA,0,0.0
2014,IRL,0,2071757192509.76
2014,IRN,0,3222679542784.3804
2014,ISL,0,196544283956.80212
2014,ISR,0,1865669625830.6157
2014,ITA,14,490776182831214.56
2014,JAM,0,27798457648.4322
2014,JPN,11,837386043315412.6
2014,KAZ,1,25462790874242.5
2014,KGZ,0,14936193133.42316
2014,KOR,14,192961368552371.88
2014,LBN,0,144285641239.40308
2014,LIE,0,33285854616.8959
2014,LTU,0,970673191843.4559
2014,LUX,0,68804811897.6445
2014,LVA,11,2573725511937.3374
2014,MAR,0,440324994349.476
2014,MCO,0,77765776537.79726
2014,MDA,0,47550994807.86435
2014,MEX,0,1315351183524.54
2014,MKD,0,68173637027.2908
2014,MLT,0,23252562774.0136
2014,MNE,0,13781556267.2868
2014,MNG,0,24453029444.1722
2014,NLD,29,73157774910525.2
2014,NOR,36,109151801005025.06
2014,NPL,0,22731602969.9687
2014,NZL,0,3623642949976.506
2014,PAK,0,244360888750.807
2014,PER,0,1003946812257.835
2014,PHL,0,297483247101.038
2014,POL,11,80829087335552.39
2014,PRT,0,919607856887.536
2014,PRY,0,40377987208.689
2014,ROU,0,7998374537202.92
2014,RUS,68,726912413818263.0
2014,SMR,0,3347947389.39816
2014,SRB,0,800057513520.1163
2014,SVK,1,11625255518073.336
2014,SVN,8,5799673626934.625
2014,SWE,51,86130674551090.06
2014,TGO,0,13724959610.723732
2014,THA,0,1222018362182.034
2014,TJK,0,9112544556.05962
2014,TLS,0,1447307100.0
2014,TON,0,439878828.008608
2014,TPE,0,0.0
2014,TUR,0,10328478914644.736
2014,UKR,5,13483844548949.639
2014,USA,64,6441099623858000.0
2014,UZB,0,404226921875.618
2014,VEN,0,482359318767.703
2014,VGB,0,0.0
2014,VIR,0,7130000000.0
2014,ZWE,0,38991039200.0
2016,ABW,0,20886592178.77092
2016,AFG,0,54349687394.726395
2016,AGO,0,1295852844663.4316
2016,ALB,0,71167198985.0376
2016,AND,0,11586441918.92308
2016,ARE,1,4284541872222.7197
2016,ARG,22,129347279282568.36
2016,ARM,4,358568595441.054
2016,ASM,0,2684000000.0
2016,ATG,0,12929266666.66671
2016,AUS,82,625062885427279.5
2016,AUT,2,33646175007677.418
2016,AZE,18,2612858808046.6274
2016,BDI,1,26393211964.6528
2016,BEL,21,65696660515255.93
2016,BEN,0,70926396915.5874
2016,BFA,0,64166816850.869995
2016,BGD,0,1856653735924.085
2016,BGR,7,3129326062217.1953
2016,BHS,6,449714800000.0
2016,BIH,0,186057163526.1889
2016,BLR,12,6776617410534.785
2016,BLZ,0,5390786810.14515
2016,BMU,0,55199288000.0
2016,BOL,0,407293514327.0628
2016,BRA,50,1046889173967364.1
2016,BRB,0,62826552822.340706
2016,BRN,2,1097956685143.5813
2016,BTN,0,4317944258.00614
2016,BWA,0,211156092907.2028
2016,CAF,0,10950109145.10426
2016,CAN,69,618837870472509.1
2016,CHE,11,105731299240691.02
2016,CHL,0,11717039826986.076
2016,CHN,113,5605404991835605.0
2016,CIV,2,719463518400.771
2016,CMR,0,743915433806.2281
2016,COD,0,148539199898.09
2016,COG,0,102193410171.383
2016,COK,0,0.0
2016,COL,8,44403526552330.91
2016,COM,0,4051342073.04148
2016,CPV,0,8315043435.47525
2016,CRI,0,706164192536.8356
2016,CUB,11,13065910000000.0
2016,CYM,0,24547494713.35515
2016,CYP,0,440022293557.67126
2016,CZE,15,26496729257805.633
2016,DEU,159,1859841456674804.0
2016,DJI,0,20839641829.60936
2016,DMA,0,1152459259.25926
2016,DNK,41,44775577891950.48
2016,DOM,1,2271141605686.821
2016,DZA,2,11842528126487.67
2016,ECU,0,3997507840000.0
2016,EGY,3,45544515337423.305
2016,ERI,0,0.0
2016,ESP,45,447547405643861.5
2016,EST,4,1179568634561.9456
2016,ETH,8,2823271502281.3516
2016,FIN,1,16131680537021.812
2016,FJI,13,261300824175.29938
2016,FRA,96,1266157744428631.0
2016,FSM,0,1661326000.0
2016,GAB,0,84143343722.0304
2016,GBR,145,1301523236156418.0
2016,GEO,7,681379135505.136
2016,GHA,0,842477593483.0425
2016,GIN,0,42979777906.089355
2016,GMB,0,5938319377.48572
2016,GNB,0,5895024706.1452
2016,GNQ,0,11240809132.4145
2016,GRC,7,20087407245041.035
2016,GRD,1,6369844444.44444
2016,GTM,0,1651343126225.345
2016,GUM,0,29505000000.0
2016,GUY,0,31378881355.93218
2016,HKG,0,15080337786480.836
2016,HND,0,499505307641.7768
2016,HRV,24,4863449726015.659
2016,HTI,0,139876937389.23
2016,HUN,22,26241766096356.695
2016,IDN,4,28888198289510.0
2016,IND,2,298323737466171.25
2016,IOA,2,0.0
2016,IRL,3,27800318195955.797
2016,IRN,8,30682959147550.113
2016,IRQ,0,3332049774957.7
2016,ISL,0,291104352433.3336
2016,ISR,2,18822440621696.45
2016,ITA,72,748951603365878.2
2016,JAM,30,1083937423558.0968
2016,JOR,1,319140409014.0848
2016,JPN,64,2181603445609288.8
2016,KAZ,18,16885233370353.033
2016,KEN,13,5985209705195.048
2016,KGZ,0,129448749250.86632
2016,KHM,0,120100486524.1152
2016,KIR,0,535529442.178257
2016,KNA,0,9080480666.6667
2016,KOR,26,394529349810165.3
2016,LAO,0,79562476844.3585
2016,LBN,0,460325778965.3736
2016,LBR,0,10195258800.0
2016,LBY,0,349376726121.9795
2016,LCA,0,9327567148.148151
2016,LIE,0,18711792165.61803
2016,LKA,0,824010387095.356
2016,LSO,0,19026183423.748592
2016,LTU,7,3443784744458.904
2016,LUX,0,933253281539.2319
2016,LVA,0,926758717911.9753
2016,MAR,1,5372205760897.248
2016,MCO,0,51783927385.4328
2016,MDA,0,185643795170.8121
2016,MDG,0,71091682411.1598
2016,MDV,0,17516545847.32308
2016,MEX,5,149910200575918.1
2016,MHL,0,1007554500.0
2016,MKD,0,64034831164.310394
2016,MLI,0,84156290005.2786
2016,MLT,0,93346294358.8928
2016,MMR,0,482333895151.5176
2016,MNE,0,153192535007.0941
2016,MNG,2,514342121227.72577
2016,MOZ,0,95495944695.6632
2016,MRT,0,12797495063.20284
2016,MUS,0,134557100211.29971
2016,MWI,0,27165200799.43735
2016,MYS,8,12652725971602.836
2016,NAM,0,117941941443.2182
2016,NER,1,62393173469.84219
2016,NGA,18,31158050495003.2
2016,NIC,0,66430418224.3805
2016,NLD,47,257955881548986.3
2016,NOR,19,28399690000000.01
2016,NPL,0,171668687292.53598
2016,NRU,0,199446789.9257534
2016,NZL,36,43810495466490.2
2016,OMN,0,300514954486.346
2016,PAK,0,2195409012017.109
2016,PAN,0,810707735600.0
2016,PER,0,6524462090012.158
2016,PHL,1,4142147899407.271
2016,PLE,0,0.0
2016,PLW,0,1789800000.0
2016,PNG,0,166072552824.7688
2016,POL,16,136590175256163.16
2016,PRI,1,4277804700000.0
2016,PRK,7,0.0
2016,PRT,1,21881172144746.688
2016,PRY,0,396985057250.0054
2016,QAT,1,6372751637998.746
2016,ROT,0,0.0
2016,ROU,16,22763587036854.52
2016,RUS,115,518375513564054.9
2016,RWA,0,60836148295.68444
2016,SAU,0,7094292502126.225
2016,SDN,0,617662449892.9441
2016,SEN,0,418886881932.9414
2016,SGP,1,10202637712631.2
2016,SLB,0,4135631727.9384
2016,SLE,0,14699178120.75824
2016,SLV,0,241914300000.0
2016,SMR,0,5873508966.12796
2016,SOM,0,11059746959.74314
2016,SRB,55,5221428369433.377
2016,SSD,0,0.0
2016,STP,0,1036486844.939946
2016,SUR,0,19904633464.984077
2016,SVK,8,5649520446564.259
2016,SVN,4,3133670595340.782
2016,SWE,28,95911768893335.73
2016,SWZ,0,7632044093.65312
2016,SYC,0,14902264539.5653
2016,SYR,0,87174215343.0428
2016,TCD,0,20195556707.5302
2016,TGO,0,30158160840.869553
2016,THA,6,23975236738024.277
2016,TJK,1,48946756511.862366
2016,TKM,0,325524857142.85736
2016,TLS,0,4951855500.0
2016,TON,0,2943781250.000003
2016,TPE,5,0.0
2016,TTO,1,962063372822.2858
2016,TUN,3,2883439944134.0806
2016,TUR,8,103493462283500.58
2016,TUV,0,41629497.4724948
2016,TZA,0,348418147021.52356
2016,UGA,0,671691742742.638
2016,UKR,15,25392830266953.14
2016,URY,0,973023092332.8883
2016,USA,264,1.3441784695398e+16
2016,UZB,13,6891063089209.744
2016,VCT,0,3257209068.293392
2016,VEN,3,0.0
2016,VGB,0,0.0
2016,VIR,0,26586000000.0
2016,VNM,2,7198686767314.812
2016,VUT,0,3123558423.599908
2016,WSM,0,7195445077.858974
2016,YEM,0,93953485750.75769
2016,ZAF,23,50155753999544.555
2016,ZMB,0,146708887768.1651
2016,ZWE,0,637009021100.0
